headword,meaning
about,সম্পর্কে, প্রায়
above,উপরে, উপরে উল্লিখিত
accept,গ্রহণ করা, স্বীকার করা
active,সক্রিয়, কর্মঠ
address,ঠিকানা, ভাষণ দেওয়া
agree,একমত হওয়া, রাজী হওয়া
allow,অনুমতি দেওয়া, গ্রাহ্য করা
ancient,প্রাচীন, পুরাতন
angry,রাগান্বিত, ক্রুদ্ধ
animal,প্রাণী, জন্তু
answer,উত্তর, জবাব দেওয়া
arrive,পৌঁছানো, আগমন করা
artificial,কৃত্রিম, অপ্রাকৃতিক
ask,জিজ্ঞাসা করা, অনুনয় করা
assist,সাহায্য করা, সহায়তা করা
avoid,এড়িয়ে চলা, বর্জন করা
beautiful,সুন্দর, চমৎকার
begin,শুরু করা, আরম্ভ করা
believe,বিশ্বাস করা, আস্থা রাখা
benevolent,পরোপকারী, হিতৈষী
brave,সাহসী, বীরত্বপূর্ণ
bright,উজ্জ্বল, দীপ্তিময়
build,নির্মাণ করা, গঠন করা
busy,ব্যস্ত, কর্মব্যস্ত
calm,শান্ত, ধীর
careful,সতর্ক, যত্নশীল
cheap,সস্তা, সুলভ
clean,পরিষ্কার, পরিচ্ছন্ন
clear,স্পষ্ট, পরিষ্কার
clever,চালাক, চতুর
cold,ঠান্ডা, শীতল
collect,সংগ্রহ করা, একত্র করা
comfort,আরাম, সান্ত্বনা
common,সাধারণ, সাধারণ বিষয়
compare,তুলনা করা, সাদৃশ্য দেখানো
complete,সম্পূর্ণ, সমাপ্ত করা
confirm,নিশ্চিত করা, দৃঢ় করা
connect,সংযুক্ত করা, যুক্ত করা
continue,চালিয়ে যাওয়া, অবিরত থাকা
control,নিয়ন্ত্রণ, পরিচালনা করা
courage,সাহস, বীরত্ব
create,সৃষ্টি করা, তৈরি করা
cruel,নিষ্ঠুর, অমানষিক
danger,বিপদ, ঝুঁকি
dark,অন্ধকার, কালচে
decide,সিদ্ধান্ত নেওয়া, নিষ্পত্তি করা
deep,গভীর, নিবিড়
defeat,পরাজয়, পরাস্ত করা
delicious,সুস্বাদু, চমৎকার স্বাদ
deliver,বিতরণ করা, পৌঁছানো
describe,বর্ণনা করা, বিবৃত করা
destroy,ধ্বংস করা, নষ্ট করা
different,ভিন্ন, পৃথক
difficult,কঠিন, জটিল
dirty,নোংরা, অপরিষ্কার
discover,আবিষ্কার করা, খুঁজে বের করা
divide,ভাগ করা, বিভক্ত করা
dry,শুকনো, শুষ্ক
dull,নিস্তেজ, একঘেয়ে
early,তাড়াতাড়ি, শীঘ্র
earth,পৃথিবী, মাটি
easy,সহজ, সরল
educate,শিক্ষা দেওয়া, শিক্ষিত করা
effort,প্রচেষ্টা, উদ্যোগ
elegant,মার্জিত, সুরুচিপূর্ণ
empty,খালি, শূন্য
encourage,উৎসাহিত করা, সাহস দেওয়া
enemy,শত্রু, বিরোধী
energy,শক্তি, উদ্যম
enjoy,উপভোগ করা, আনন্দ পাওয়া
enough,যথেষ্ট, প্রচুর
enter,প্রবেশ করা, ভেতরে যাওয়া
equal,সমান, তুল্য
escape,পলায়ন, মুক্তি পাওয়া
establish,প্রতিষ্ঠা করা, স্থাপন করা
eternal,অনন্ত, চিরন্তন
excellent,চমৎকার, চমৎকার গুণসম্পন্ন
excite,উত্তেজিত করা, উদ্বুদ্ধ করা
excuse,অজুহাত, ক্ষমা করা
expect,আশা করা, প্রতীক্ষা করা
expensive,ব্যয়বহুল, দামী
experience,অভিজ্ঞতা, পারদর্শিতা
explain,ব্যাখ্যা করা, বুঝিয়ে দেওয়া
explore,অনুসন্ধান করা, অন্বেষণ করা
express,প্রকাশ করা, দ্রুতগামী
exquisite,অতি সূক্ষ্ম, চমৎকার
extend,প্রসারিত করা, বাড়ানো
extraordinary,অসাধারণ, অদ্ভুত
extreme,চরম, অত্যন্ত
fabulous,চমৎকার, অবিশ্বাস্য
face,মুখমণ্ডল, মুখোমুখি হওয়া
fact,তথ্য, সত্য ঘটনা
fade,বিবর্ণ হওয়া, ম্লান হওয়া
fail,ব্যর্থ হওয়া, অকৃতকার্য হওয়া
fair,মেলা, সুন্দর, নিরপেক্ষ
faithful,বিশ্বস্ত, অনুগত
false,মিথ্যা, অসত্য
famous,বিখ্যাত, নামকরা
fancy,কল্পনা, সৌখিন
far,দূরে, দূরবর্তী
fashion,ফ্যাশন, ধরণ, রূপ দেওয়া
fast,দ্রুত, উপবাস করা
fat,চর্বি, মোটা
fatal,মারাত্মক, প্রাণঘাতী
fear,ভয়, আশঙ্কা করা
feature,বৈশিষ্ট্য, রূপরেখা
feed,খাওয়ানো, আহার দেওয়া
feel,অনুভব করা, স্পর্শ করা
fertile,উর্বর, উৎপাদনশীল
festival,উৎসব, পরব
few,অল্প, কয়েকটি
fierce,ভীষণ, প্রচণ্ড
fight,যুদ্ধ, লড়াই করা
figure,আকৃতি, সংখ্যা, হিসেব করা
fill,পূরণ করা, ভর্তি করা
final,চূড়ান্ত, শেষ
find,খুঁজে পাওয়া, আবিষ্কার করা
fine,সুন্দর, জরিমানা, সূক্ষ্ম
finish,শেষ করা, সমাপ্তি
fire,আগুন, বরখাস্ত করা, গুলি চালানো
firm,দৃঢ়, ব্যবসায়িক প্রতিষ্ঠান
first,প্রথম, অগ্রগণ্য
fit,উপযুক্ত, সুস্থ, খাপ খাওয়ানো
fix,স্থির করা, মেরামত করা
flat,সমতল, চ্যাপ্টা, ফ্ল্যাট বাসা
flee,পালিয়ে যাওয়া, দ্রুত চলে যাওয়া
flexible,নমনীয়, স্থিতিস্থাপক
flight,উড়ান, পলায়ন, সিঁড়ি
flow,প্রবাহ, বয়ে যাওয়া
flower,ফুল, প্রস্ফুটিত হওয়া
fly,উড়ে যাওয়া, মাছি
focus,কেন্দ্রবিন্দু, মনোনিবেশ করা
fog,কুয়াশা, অস্পষ্ট করা
fold,ভাঁজ করা, গুটিয়ে ফেলা
follow,অনুসরণ করা, পেছনে চলা
fond,প্রিয়, অনুরাগী
food,খাদ্য, আহার
fool,বোকা, প্রতারণা করা
force,বল, শক্তি প্রয়োগ করা
foreign,বিদেশী, বহিরাগত
forest,বন, জঙ্গল
forget,ভুলে যাওয়া, অবহেলা করা
forgive,ক্ষমা করা, মার্জনা করা
form,আকৃতি, ফর্ম পূরণ করা, গঠন করা
fortune,ভাগ্য, ধনসম্পদ
forward,সামনে, এগিয়ে দেওয়া
foundation,ভিত্তি, প্রতিষ্ঠান
fragile,ভঙ্গুর, ঠুনকো
free,মুক্ত, স্বাধীন, বিনামূল্যে
frequent,ঘন ঘন, ঘন ঘন ঘটা
fresh,তাজা, সতেজ
friend,বন্ধু, সুহৃদ
friendly,বন্ধুসুলভ, অমায়িক
frighten,ভীত করা, আতঙ্কিত করা
front,সামনে, সম্মুখভাগ
fruit,ফল, ফলাফল
fuel,জ্বালানি, ইন্ধন দেওয়া
full,পূর্ণ, সম্পূর্ণ
fun,মজা, আনন্দ
funny,হাস্যকর, অদ্ভুত
future,ভবিষ্যৎ, ভাবী কাল
gain,লাভ করা, অর্জন করা
gallant,সাহসী, বীরত্বপূর্ণ
game,খেলা, শিকার করা জন্তু
gather,একত্র করা, কুড়ানো
generous,উদার, দানশীল
gentle,নম্র, ভদ্র
gift,উপহার, প্রতিভা
give,দেওয়া, দান করা
glad,আনন্দিত, খুশি
glance,এক পলক তাকানো, আভাস
gloom,অন্ধকার, বিষণ্নতা
glorious,মহিমান্বিত, গৌরবময়
glory,গৌরব, মহিমা
go,যাওয়া, গমন করা
goal,লক্ষ্য, গোলপোস্ট
god,ঈশ্বর, দেবতা
gold,স্বর্ণ, সোনা
good,ভালো, কল্যাণ
gorgeous,চমৎকার, জমকালো
govern,শাসন করা, নিয়ন্ত্রণ করা
grace,অনুগ্রহ, সৌন্দর্য, লাবণ্য
grade,শ্রেণী, মান নির্ধারণ করা
gradual,ক্রমিক, ধীর
grand,মহৎ, জমকালো
grant,মঞ্জুর করা, অনুদান
grasp,আঁকড়ে ধরা, উপলব্ধি করা
grateful,কৃতজ্ঞ, ধন্য
grave,কবর, গুরুতর, গম্ভীর
great,মহান, বিশাল
greedy,লোভী, লালায়িত
green,সবুজ, কাঁচা, অনভিজ্ঞ
greet,অভিবাদন জানানো, সম্ভাষণ করা
grief,দুঃখ, শোক
ground,ভূমি, মাঠ, ভিত্তি
group,দল, শ্রেণীভুক্ত করা
grow,জন্মানো, বৃদ্ধি পাওয়া
guard,পাহারা দেওয়া, রক্ষী
guess,অনুমান করা, আন্দাজ করা
guide,পথপ্রদর্শক, পরিচালনা করা
guilt,অপরাধ, দোষ
habit,অভ্যাস, পোশাক
hair,চুল, কেশ
half,অর্ধেক, আধা
hall,মিলনায়তন, বড় ঘর
hammer,হাতুড়ি, আঘাত করা
hand,হাত, হস্তান্তর করা
handsome,সুন্দর, সুদর্শন
hang,ঝোলানো, ফাঁসি দেওয়া
happen,ঘটা, সঙ্ঘটিত হওয়া
happy,সুখী, আনন্দিত
harbor,বন্দর, আশ্রয় দেওয়া
hard,কঠিন, শক্ত, কঠোর
harm,ক্ষতি করা, অপকার
harvest,ফসল কাটা, ফসল সংগ্রহ
haste,তাড়াহুড়ো, দ্রুততা
hate,ঘৃণা করা, অপছন্দ করা
have,আছে, ধারণ করা
head,মাথা, প্রধান, নেতৃত্ব দেওয়া
heal,আরোগ্য লাভ করা, নিরাময় করা
health,স্বাস্থ্য, সুস্থতা
heap,স্তূপ, গাদা করা
hear,শোনা, শ্রবণ করা
heart,হৃদয়, মন, কেন্দ্রস্থল
heat,উত্তাপ, উত্তপ্ত করা
heaven,স্বর্গ, আকাশ
heavy,ভারী, প্রকাণ্ড
height,উচ্চতা, চরম সীমা
help,সাহায্য করা, সহযোগিতা
hero,নায়ক, বীর
hesitate,দ্বিধা করা, ইতস্তত করা
hide,লুকানো, পশুর চামড়া
high,উচ্চ, উন্নত
hill,পাহাড়, টিলা
hire,ভাড়া করা, নিয়োগ করা
history,ইতিহাস, অতীত কাহিনী
hit,আঘাত করা, সফল প্রচেষ্টা
hold,ধরা, ধারণ করা, আয়োজন করা
hole,গর্ত, ছিদ্র
holiday,ছুটি, ছুটির দিন
holy,পবিত্র, পূত
home,গৃহ, বাসস্থান
honest,সৎ, ন্যায়পরায়ণ
honor,সম্মান, শ্রদ্ধা করা
hope,আশা করা, আকাঙ্ক্ষা
horizon,দিগন্ত, ভূসীমা
horn,শিং, ভেঁপু
hospital,হাসপাতাল, চিকিৎসালয়
host,হোস্ট, আমন্ত্রক, দল
hot,গরম, উষ্ণ, ঝাল
hotel,হোটেল, পান্থশালা
hour,ঘণ্টা, সময়
house,বাড়ি, ঘর, আশ্রয় দেওয়া
huge,বিশাল, প্রকাণ্ড
human,মানুষ, মানবীয়
humble,নম্র, বিনীত
hunger,ক্ষুধা, আকাঙ্ক্ষা
hunt,শিকার করা, অন্বেষণ করা
hurry,তাড়াহুড়ো করা, দ্রুত চলা
hurt,আঘাত করা, ক্ষতি করা
husband,স্বামী, মিতব্যয়িতার সাথে ব্যবহার করা
hut,কুটির, কুঁড়েঘর
idea,ধারণা, পরিকল্পনা
ideal,আদর্শ, কাল্পনিক
identify,শনাক্ত করা, চেনা
idle,অলস, অলস সময় কাটানো
ignore,উপেক্ষা করা, অগ্রাহ্য করা
ill,অসুস্থ, খারাপ
image,ছবি, প্রতিচ্ছবি, প্রতীক
imagine,কল্পনা করা, মনে করা
immediate,তাত্ক্ষণিক, অবিলম্বিত
immense,প্রচণ্ড, বিশাল
important,গুরুত্বপূর্ণ, প্রধান
improve,উন্নতি করা, ভালো করা
impulse,আবেগ, প্রেরণা
incident,ঘটনা, উপাখ্যান
include,অন্তর্ভুক্ত করা, শামিল করা
income,আয়, উপার্জন
increase,বৃদ্ধি পাওয়া, বাড়ানো
indeed,প্রকৃতপক্ষে, বস্তুত
independent,স্বাধীন, স্বনির্ভর
index,সূচক, নির্দেশিকা
indicate,নির্দেশ করা, ইঙ্গিত করা
individual,ব্যক্তিগত, স্বতন্ত্র ব্যক্তি
industry,শিল্প, অধ্যবসায়
infant,শিশু, অপ্রাপ্তবয়স্ক
influence,প্রভাব, প্রভাব বিস্তার করা
inform,জানানো, অবহিত করা
ink,কালি, স্বাক্ষর করা
innocent,নিরপরাধ, নিষ্পাপ
inquire,অনুসন্ধান করা, জিজ্ঞাসা করা
insane,পাগল, উন্মাদ
insect,পতঙ্গ, পোকা
inside,ভেতরে, অভ্যন্তর
insist,জিদ করা, জোর দেওয়া
inspect,পরিদর্শন করা, পরীক্ষা করা
inspire,অনুপ্রাণিত করা, উৎসাহ দেওয়া
instance,উদাহরণ, দৃষ্টান্ত
instant,তাত্ক্ষণিক, মুহূর্ত
instead,পরিবর্তে, বদলে
instruct,নির্দেশ দেওয়া, শিক্ষা দেওয়া
instrument,যন্ত্র, দলিল
insult,অপমান করা, লাঞ্ছনা
intellectual,বুদ্ধিজীবী, মেধা সংক্রান্ত
intend,ইচ্ছা করা, মনস্থ করা
intense,তীব্র, প্রগাঢ়
intent,অভিপ্রায়, সংকল্প
interest,আগ্রহ, সুদ, স্বার্থ
interfere,হস্তক্ষেপ করা, বাধা দেওয়া
interior,অভ্যন্তর, ভেতরের অংশ
internal,অভ্যন্তরীণ, ভেতরের
interpret,অনুবাদ করা, ব্যাখ্যা করা
interrupt,বাধা দেওয়া, সাময়িক বিরতি
interval,বিরতি, ব্যবধান
interview,সাক্ষাত্কার, মুখোমুখি আলোচনা
intimate,ঘনিষ্ঠ, অন্তরঙ্গ
into,ভেতরে, মধ্যে
introduce,পরিচয় করিয়ে দেওয়া, উপস্থাপন করা
invade,আক্রমণ করা, অনুপ্রবেশ করা
invent,আবিষ্কার করা, উদ্ভাবন করা
investigate,তদন্ত করা, অনুসন্ধান করা
invite,আমন্ত্রণ জানানো, নিমন্ত্রণ করা
involve,জড়িত করা, শামিল করা
iron,লোহা, ইস্ত্রি করা
island,দ্বীপ, নির্জন স্থান
issue,সমস্যা, বিষয়, প্রকাশ করা
it,ইহা, এটি
item,দফা, বিষয়, উপাদান
jacket,জ্যাকেট, মলাট
jail,কারাগার, জেলখানায় বন্দি করা
jam,জ্যাম, ভিড়, আটকে যাওয়া
jar,বয়াম, কলস, কর্কশ শব্দ
jaw,চোয়াল, মুখের অংশ
jealous,ঈর্ষান্বিত, পরশ্রীকাতর
jelly,জেলি, ঘন রস
jet,জেট বিমান, তীব্র ধারা
job,চাকরি, কাজ
join,যোগদান করা, যুক্ত করা
joint,যুগ্ম, সংযোগস্থল, গাঁট
joke,কৌতুক, ঠাট্টা করা
journal,সাময়িকী, দিনলিপি
journey,ভ্রমণ, যাত্রা
joy,আনন্দ, হর্ষ
judge,বিচারক, বিবেচনা করা
juice,রস, নির্যাস
jump,লাফ দেওয়া, স্প্রিং
junction,সংযোগস্থল, মোড়
just,কেবলমাত্র, ঠিক, ন্যায্য
justice,ন্যায়বিচার, ধর্মপরায়ণতা
keep,রাখা, রক্ষা করা, পালন করা
key,চাবি, প্রধান অংশ, সুর
kick,লাথি মারা, ধাক্কা
kid,শিশু, ছাগলছানা, ঠাট্টা করা
kill,হত্যা করা, বিনষ্ট করা
kind,দয়ালু, প্রকার, ধরণ
king,রাজা, সম্রাট
kiss,চুম্বন করা, স্পর্শ
kitchen,রান্নাঘর, পাকশালা
knee,হাঁটু, জানু
kneel,হাঁটু গেড়ে বসা, নত হওয়া
knife,ছুরি, ছুরি দিয়ে কাটা
knight,বীর যোদ্ধা, নাইট উপাধি দেওয়া
knit,বোনা, গাঁথুনি দেওয়া
knock,ধাক্কা দেওয়া, করাঘাত করা
knot,গিঁট, জটিলতা, গিঁট দেওয়া
know,জানা, চেনা, বুঝতে পারা
knowledge,জ্ঞান, পাণ্ডিত্য
label,লেবেল, তকমা লাগানো
labor,শ্রম, পরিশ্রম করা
lace,ফিতা, লেস লাগানো
lack,অভাব, ঘাটতি
ladder,মই, আরোহণের উপায়
lady,ভদ্রমহিলা, নারী
lake,হ্রদ, সরোবর
lamb,ভেড়ার ছানা, মেষশাবক
lame,খোঁড়া, পঙ্গু, দুর্বল অজুহাত
lamp,প্রদীপ, বাতি
land,ভূমি, দেশ, অবতরণ করা
language,ভাষা, বাকশৈলী
lantern,লণ্ঠন, হারিকেন
lap,কোল, ওভারল্যাপ করা
large,বিশাল, বড়
last,শেষ, দীর্ঘস্থায়ী হওয়া
late,দেরী, প্রয়াত
laugh,হাসা, হাসির শব্দ
launch,চালু করা, পানিতে ভাসানো
law,আইন, নিয়ম
lay,রাখা, ডিম পাড়া, সাধারণ লোক
lazy,অলস, শিথিল
lead,নেতৃত্ব দেওয়া, সীসা, পরিচালনা করা
leaf,পাতা, মলাটের পাতা
leak,ছিদ্র, চুইয়ে পড়া, ফাঁস হওয়া
lean,হেলান দেওয়া, চর্বিহীন, কৃশ
leap,লাফ দেওয়া, লাফানো
learn,শেখা, অবগত হওয়া
least,সবচেয়ে কম, ক্ষুদ্রতম
leather,চামড়া, পশুর চামড়া দিয়ে তৈরি
leave,ত্যাগ করা, ছুটি
lecture,বক্তৃতা, উপদেশ দেওয়া
left,বাম, চলে গেছে
leg,পা, অবলম্বন
legal,আইনি, বৈধ
legend,কিংবদন্তি, উপাখ্যান
lemon,লেবু, লেবু গাছ
lend,ধার দেওয়া, ঋণ দেওয়া
length,দৈর্ঘ্য, দূরত্ব
less,কম, ক্ষুদ্রতর
lesson,পাঠ, শিক্ষা
let,অনুমতি দেওয়া, ভাড়া দেওয়া
letter,চিঠি, বর্ণ, অক্ষর
level,স্তর, সমতল করা
liberal,উদার, মুক্তমনা
liberty,স্বাধীনতা, মুক্তি
library,গ্রন্থাগার, লাইব্রেরি
license,লাইসেন্স, অনুমতিপত্র
lid,ধাকনা, চোখের পাতা
lie,মিথ্যা বলা, শুয়ে থাকা
life,জীবন, প্রাণ, জীবনী
lift,উত্তোলন করা, লিফট, ওপরে তোলা
light,আলো, হালকা, প্রজ্বলিত করা
like,পছন্দ করা, মত, সদৃশ
limit,সীমা, সীমাবদ্ধ করা
line,রেখা, লাইন, সারি দেওয়া
link,সংযোগ, লিংক করা, যুক্ত করা
lip,ঠোঁট, ওষ্ঠ
liquid,তরল, প্রবাহী
list,তালিকা, তালিকাভুক্ত করা
listen,শোনা, মনোযোগ দেওয়া
literary,সাহিত্যিক, সাহিত্য সংক্রান্ত
literature,সাহিত্য, গ্রন্থাবলী
little,ছোট, সামান্য
live,বাস করা, সরাসরি, জীবন্ত
lively,প্রাণবন্ত, চঞ্চল
load,বোঝা, ভারাক্রান্ত করা, লোড করা
local,স্থানীয়, দেশীয়
locate,শনাক্ত করা, স্থাপন করা
lock,তালা, তালা লাগানো, চুলের গোছা
log,কাঠের গুঁড়ি, লগবই, নথিবদ্ধ করা
logic,যুক্তি, তর্কশাস্ত্র
lonely,একাকী, নির্জন
long,দীর্ঘ, লম্বা, আকাঙ্ক্ষা করা
look,তাকানো, চেহারা, অন্বেষণ করা
loose,আলগা, শিথিল করা
lord,প্রভু, স্বামী, শাসন করা
lose,হারানো, নষ্ট করা
loss,ক্ষতি, অপচয়
lost,হারিয়ে গেছে, নিখোঁজ
lot,প্রচুর, ভাগ্য, প্লট
loud,উচ্চ শব্দে, শোরগোলপূর্ণ
love,ভালোবাসা, স্নেহ করা
lovely,সুন্দর, মনোরম
low,নিচু, মৃদু আওয়াজ করা
loyal,বিশ্বস্ত, অনুগত
luck,ভাগ্য, সৌভাগ্য
luggage,লাগেজ, মালপত্র
lump,পিণ্ড, চাকা, দলা পাকানো
lunch,দুপুরের খাবার, আহার করা
lung,ফুসফুস, শ্বাসযন্ত্র
luxury,বিলাসিতা, আরাম আয়েশ
machine,যন্ত্র, ইঞ্জিন
mad,পাগল, ক্ষিপ্ত
magazine,সাময়িকী, ম্যাগাজিন, বারুদাগার
magic,যাদু, ভেলকি, জাদুকরী
magnet,চুম্বক, আকর্ষক
magnificent,চমৎকার, জমকালো
maid,দাসী, কুমারী মেয়ে
mail,ডাক, ইমেইল করা, চিঠি পাঠানো
main,প্রধান, মূল অংশ
maintain,বজায় রাখা, ভরণপোষণ করা
majestic,রাজকীয়, মহিমান্বিত
major,প্রধান, প্রাপ্তবয়স্ক, মেজর
make,তৈরি করা, গঠন করা
male,পুরুষ, পুরুষবাচক
malice,বিদ্বেষ, পরশ্রীকাতরতা
man,মানুষ, পুরুষ মানুষ, কর্মী নিযুক্ত করা
manage,পরিচালনা করা, ব্যবস্থা করা
manner,পদ্ধতি, আচরণ, কায়দা
many,অনেক, প্রচুর
map,মানচিত্র, নকশা করা
marble,মার্বেল, মার্বেল পাথর
march,কুচকাওয়াজ, মার্চ মাস, এগিয়ে চলা
margin,সীমান্ত, ব্যবধান, প্রান্ত
mark,চিহ্ন, দাগ, নম্বর দেওয়া
market,বাজার, বিপণন করা
marriage,বিবাহ, পরিণয়
marry,বিয়ে করা, বিবাহ বন্ধনে আবদ্ধ হওয়া
marvel,বিস্ময়, আশ্চর্য হওয়া
masculine,পুরুষবাচক, পুংলিঙ্গ
mask,মুখোশ, ছদ্মবেশ, ঢেকে রাখা
mass,ভর, স্তূপ, বিশাল জনতা
master,মালিক, দক্ষ, আয়ত্ত করা
mat,মাদুর, পাটি, জট পাকানো
match,দেশলাই, খেলা, মিলানো
mate,সঙ্গী, জোড় মেলানো
material,উপাদান, পদার্থ, পার্থিব
matter,বিষয়, পদার্থ, গুরুত্বপূর্ণ হওয়া
mature,পরিণত, পরিপক্ক হওয়া
maximum,সর্বোচ্চ, পরম সীমা
may,হতে পারে, মে মাস
maybe,সম্ভবত, হতে পারে
mayor,নগরপিতা, মেয়র
meadow,তৃণভূমি, ঘাসের মাঠ
meal,আহার, খাদ্য গ্রহণ
mean,অর্থ প্রকাশ করা, নিচ, গড় মান
meaning,অর্থ, তাত্পর্য
measure,পরিমাপ, পরিমাপ করা, পদক্ষেপ
meat,মাংস, আহার্য
medal,পদক, মেডেল
medicine,ওষুধ, ভেষজ
meet,সাক্ষাৎ করা, একত্র হওয়া, উপযুক্ত
melody,সুর, সুতান
melt,গলে যাওয়া, দ্রবীভূত হওয়া
member,সদস্য, অঙ্গ
memory,স্মৃতি, স্মরণশক্তি
mental,মানসিক, মন সংক্রান্ত
mention,উল্লেখ করা, বলা
merchant,বণিক, ব্যবসায়ী
mercy,দয়া, করুণা
mere,কেবলমাত্র, সামান্য
merge,একত্রিত করা, লীন হওয়া
merit,যোগ্যতা, গুণ
merry,প্রফুল্ল, আনন্দিত
mess,বিশৃঙ্খলা, নোংরা অবস্থা, একসঙ্গে খাওয়া
message,বার্তা, সংবাদ পাঠানো
metal,ধাতু, ধাতব
method,পদ্ধতি, প্রথা
middle,মধ্যভাগ, মাঝখান
might,শক্তি, হতে পারত
mild,মৃদু, নরম
mile,মাইল, দূরত্ব মাপার একক
military,সামরিক, সেনাবাহিনী সংক্রান্ত
milk,দুধ, দোহন করা
mill,কল, কারখানা, গুঁড়ো করা
mind,মন, আপত্তি করা, মনোযোগ দেওয়া
mine,আমার, খনি, সুড়ঙ্গ তৈরি করা
mineral,খনিজ, খনিজ পদার্থ
minimum,নূন্যতম, সর্বনিম্ন
minister,মন্ত্রী, ধর্মযাজক
minor,নাবালক, ছোট, অপ্রধান
minute,মিনিট, অতি সূক্ষ্ম, কার্যবিবরণী
miracle,অলৌকিক ঘটনা, বিস্ময়
mirror,আয়না, প্রতিবিম্বিত করা
mischief,ক্ষতি, দুষ্টুমি
miserable,দুঃখী, শোচনীয়
misery,দুর্দশা, চরম দুঃখ
miss,মিস করা, কুমারী মেয়ে, লক্ষ্যভ্রষ্ট হওয়া
mist,কুয়াশা, ঝাপসা করা
mistake,ভুল, ভুল করা
mix,মিশ্রিত করা, গুলানো
mixture,মিশ্রণ, সংমিশ্রণ
model,মডেল, আদর্শ রূপ, ছাঁচ
moderate,পরিমিত, সহনশীল, নরম করা
modern,আধুনিক, নতুন
modest,নম্র, শালীন
moist,ভেজা, স্যাঁতসেঁতে
moment,মুহূর্ত, গুরুত্ব
monarch,সম্রাট, একচ্ছত্র শাসক
money,টাকা, অর্থ
month,মাস, ৩০ দিন সময়
monument,স্মৃতিস্তম্ভ, কীর্তিস্তম্ভ
mood,মনোভাব, মেজাজ
moon,চাঁদ, চন্দ্র
moral,নৈতিক, নীতিশিক্ষা
more,আরও, অধিকতর
morning,সকাল, প্রভাত
mortal,মরণশীল, মারাত্মক
most,অধিকাংশ, সবচেয়ে বেশি
mother,মা, জননী, লালন-পালন করা
motion,গতি, প্রস্তাব, ইশারা করা
motive,উদ্দেশ্য, প্রেরণা
mountain,পাহাড়, পর্বত
mouth,মুখ, মুখের অংশ, বলা
move,স্থানান্তরিত করা, নড়াচড়া করা, পদক্ষেপ
much,অনেক, প্রচুর
mud,কাদা, পঙ্ক
multiply,গুণ করা, বৃদ্ধি করা
multitude,বিশাল সংখ্যা, জনতা
murder,হত্যা, খুন করা
murmur,বিড়বিড় করা, মৃদু আওয়াজ
muscle,পেশী, শক্তি
museum,জাদুঘর, সংগ্রহশালা
music,সঙ্গীত, গান
must,অবশ্যই, অপরিহার্য বিষয়
mutter,বিড়বিড় করা, অসন্তোষ প্রকাশ করা
mutual,পারস্পরিক, উভয়ের
mystery,রহস্য, ধাঁধা
nail,নখ, পেরেক, পেরেক মারা
naked,উলঙ্গ, নগ্ন
name,নাম, নাম রাখা, উল্লেখ করা
narrow,সংকীর্ণ, সরু, সংকীর্ণ করা
nation,জাতি, দেশ
native,দেশীয়, আদিবাসী
natural,প্রাকৃতিক, সহজাত
nature,প্রকৃতি, স্বভাব, ধরণ
near,নিকটবর্তী, কাছে আসা
neat,পরিষ্কার, পরিপাটি
necessary,প্রয়োজনীয়, অপরিহার্য
neck,ঘাড়, গলা
need,প্রয়োজন, অভাব
needle,সূঁচ, কাঁটা
neglect,উপেক্ষা করা, অবহেলা
neighbor,প্রতিবেশী, নিকটবর্তী থাকা
neither,কোনটিই নয়, এটাও না ওটাও না
nephew,ভাগ্নে, ভ্রাতুষ্পুত্র
nerve,স্নায়ু, সাহস
nest,পাখির বাসা, বাসা বাঁধা
net,জাল, নিট লাভ, ফাঁদে ফেলা
never,কখনো না, কোনমতেই না
new,নতুন, আধুনিক
news,সংবাদ, খবর
next,পরবর্তী, পাশে
nice,সুন্দর, চমৎকার
niece,ভাগ্নী, ভ্রাতুষ্পুত্রী
night,রাত, রাত্রি
noble,মহৎ, অভিজাত ব্যক্তি
nod,মাথা নাড়ানো, সায় দেওয়া
noise,শব্দ, গোলমাল
none,কেউ না, কোনোটিই নয়
noon,দুপুর, মধ্যাহ্ন
nor,না, এটাও না
normal,স্বাভাবিক, সাধারণ
north,উত্তর, উত্তর দিক
nose,নাক, নাসিকা
not,না, নয়
note,নোট, স্মারকপত্র, লক্ষ্য করা, সুর
nothing,কিছুই না, শূন্য
notice,বিজ্ঞপ্তি, লক্ষ্য করা, মনোযোগ দেওয়া
noun,বিশেষ্য, নাম পদ
novel,উপন্যাস, অভিনব
now,এখন, বর্তমানে
number,সংখ্যা, নম্বর দেওয়া, গণনা করা
nurse,নার্স, সেবিকা, সেবা করা
nut,বাদাম, বল্টু
oath,শপথ, হলফনামা
obey,মান্য করা, আজ্ঞা পালন করা
object,বস্তু, উদ্দেশ্য, আপত্তি করা
observe,লক্ষণ করা, উদযাপন করা, পর্যবেক্ষণ করা
obtain,অর্জন করা, পাওয়া
obvious,স্পষ্ট, প্রতীয়মান
occasion,উপলক্ষ, সুযোগ, কারণ ঘটানো
ocean,মহাসমুদ্র, মহাসাগর
odd,অদ্ভুত, বিজোড়, বাড়তি
odor,গন্ধ, সুবাস
of,এর, মধ্য হতে
off,বন্ধ, দূরে
offend,বিরক্ত করা, অপরাধ করা, ক্ষুণ্ন করা
offer,প্রস্তাব করা, দান করা, নিবেদন
office,কার্যালয়, অফিস, পদ
officer,কর্মকর্তা, অফিসার
official,সরকারী, আধিকারিক
often,প্রায়ই, ঘন ঘন
oil,তেল, তেল দেওয়া
old,পুরানো, বৃদ্ধ
omit,বাদ দেওয়া, বর্জন করা
on,ওপর, চালু, সক্রিয়
once,একবার, অতীতে
one,এক, একটি, একক
only,কেবলমাত্র, একমাত্র
open,উন্মুক্ত, খোলা, শুরু করা
opinion,মতামত, ধারণা
opponent,প্রতিপক্ষ, বিরোধী
opportunity,সুযোগ, সুবিধা
oppose,বিরোধিতা করা, বাধা দেওয়া
opposite,বিপরীত, উল্টো
oppress,অত্যাচার করা, নিপীড়ন করা
or,অথবা, কিংবা
orange,কমলালেবু, কমলা রঙ
order,আদেশ, ক্রম, শৃঙ্খলা, অর্ডার দেওয়া
ordinary,সাধারণ, মামুলি
organ,অঙ্গ, বাদ্যযন্ত্র বিশেষ
origin,উত্স, মূল
ornament,অলঙ্কার, ভূষণ, সজ্জিত করা
other,অন্যান্য, অন্যটি
ought,উচিত, বাধ্যবাধকতা
our,আমাদের, আমাদের নিজস্ব
out,বাইরে, প্রকাশিত
outdoor,বহিরাঙ্গন, ঘরের বাইরে
outer,বাহ্যিক, বাইরের অংশ
outline,রূপরেখা, খসড়া আঁকা
output,আউটপুট, উৎপাদন, ফলাফল
outside,বাইরে, বাহ্যিক রূপ
over,ওপরে, সমাপ্ত, পার হয়ে
overcome,পরাস্ত করা, কাটিয়ে ওঠা
owe,ঋণী থাকা, বাধ্য থাকা
own,নিজের, মালিক হওয়া, স্বীকার করা
owner,মালিক, স্বত্বাধিকারী
ox,ষাঁড়, বলদ
pace,গতি, পদক্ষেপ, ধীর গতিতে চলা
pack,প্যাক, বোঝা, বস্তাবন্দী করা, দল
package,প্যাকেজ, মোড়ক
pad,প্যাড, গদি, আস্তে চলা
page,পৃষ্ঠা, পৃষ্ঠা নম্বর দেওয়া, ভৃত্য
pain,ব্যথা, কষ্ট, বেদনা দেওয়া
paint,রং, ছবি আঁকা, চিত্রিত করা
pair,জোড়া, জোড় বাঁধা
palace,প্রাসাদ, রাজবাড়ি
pale,ফ্যাকাশে, ম্লান, সীমানা
palm,তালগাছ, হাতের তালু, চাতুরি করা
pan,কড়াই, তাওয়া
panel,প্যানেল, তালিকা, দল
pant,হাঁপানো, ঘন ঘন শ্বাস নেওয়া
paper,কাগজ, সংবাদপত্র, দলিলপত্র
parade,কুচকাওয়াজ, প্রদর্শন করা
paragraph,অনুচ্ছেদ, প্যারাগ্রাফ
pardon,ক্ষমা করা, মার্জনা
parent,পিতা-মাতা, অভিভাবক
park,পার্ক, উদ্যান, গাড়ি পার্ক করা
part,অংশ, ভূমিকা, বিভক্ত করা
particular,বিশেষ, সুনির্দিষ্ট
partner,অংশীদার, সঙ্গী
party,দল, অনুষ্ঠান, পক্ষ
pass,অতিক্রম করা, পাস করা, প্রবেশপত্র
passage,অ্যাভিনিউ, যাতায়াত পথ, উদ্ধৃতি
passenger,যাত্রী, আরোহী
passion,আবেগ, প্রচণ্ড ইচ্ছা
past,অতীত, পার হয়ে যাওয়া
paste,লেই, পেস্ট করা, আঠা দিয়ে লাগানো
path,পথ, রাস্তা, চলার পথ
patience,ধৈর্য, সহনশীলতা
patient,ধৈর্যশীল, রোগী
pattern,প্যাটার্ন, আদর্শ রূপ, নকশা
pause,বিরতি, থামা, সাময়িক বিরতি নেওয়া
paw,থাবা, থাবা দিয়ে আঘাত করা
pay,পরিশোধ করা, বেতন, মূল্য দেওয়া
peace,শান্তি, নীরবতা
peak,চূড়া, শিখর, সর্বোচ্চ সীমায় পৌঁছানো
pear,নাশপাতি, নাশপাতি গাছ
peculiar,অদ্ভুত, বিশেষ
pen,কলম, খাঁচা, লেখা
pencil,পেন্সিল, চিত্রাঙ্কন করা
penny,পয়সা, ক্ষুদ্র মুদ্রা
people,জনগণ, মানুষ, লোকালয়
pepper,গোলমরিচ, মরিচ ছিটানো
perfect,নিখুঁত, সম্পূর্ণ করা
perform,সম্পাদন করা, অভিনয় করা
perfume,সুগন্ধি, সুবাসিত করা
perhaps,সম্ভবত, হতে পারে
period,সময়কাল, পিরিয়ড, যতিচিহ্ন
permanent,স্থায়ী, চিরস্থায়ী
permission,অনুমতি, অনুমোদন
permit,অনুমতি দেওয়া, প্রবেশপত্র
person,ব্যক্তি, লোক
persuade,প্ররোচিত করা, রাজি করানো
pet,পোষা প্রাণী, আদর করা
phase,পর্যায়, ধাপ
philosophy,দর্শন, দর্শনশাস্ত্র
phone,ফোন করা, টেলিফোন
photo,ছবি, আলোকচিত্র
phrase,বাক্যাংশ, শব্দগুচ্ছ প্রকাশ করা
physical,শারীরিক, প্রাকৃতিক, পার্থিব
piano,পিয়ানো, বাদ্যযন্ত্র
pick,পছন্দ করা, কুড়ানো, বাছাই
picnic,বনভোজন, চড়ুইভাতি
picture,ছবি, চিত্রিত করা, কল্পনা করা
piece,টুকরো, খণ্ড, জোড়া দেওয়া
pig,শূকর, নোংরা লোক
pigeon,পায়রা, কবুতর
pile,স্তূপ, গাদা করা, গোঁজ গোঁজা
pill,বড়ি, পিল
pillow,বালিশ, বালিশ দেওয়া
pilot,বিমানচালক, পাইলট, পথ দেখানো
pin,পিন, আলপিন, পিন দিয়ে আটকানো
pine,পাইন গাছ, অনুশোচনা করা, ক্ষয় হওয়া
pink,গোলাপী রঙ, চমৎকার অবস্থা
pipe,পাইপ, নল, বাঁশি বাজানো
pity,করুণা, দয়া করা, পরিতাপের বিষয়
place,স্থান, জায়গা দেওয়া, স্থাপন করা
plain,স্পষ্ট, সমতল ভূমি, সাদাসিধে
plan,পরিকল্পনা, নকশা করা
plane,বিমান, সমতল, রঁদা করা
planet,গ্রহ, জ্যোতিষ্ক
plant,উদ্ভিদ, চারা রোপণ করা, কারখানা
plate,থালা, প্লেট, ধাতব পাত
play,খেলা করা, নাটক, বাজানো
pleasant,মনোরম, মনোরম পরিবেশ
please,দয়া করে, সন্তুষ্ট করা
pleasure,আনন্দ, সন্তুষ্টি
plenty,প্রচুর, যথেষ্ট
plot,নকশা, চক্রান্ত, জমির টুকরো, চক্রান্ত করা
plow,লাঙল, চাষ করা
plug,প্লাগ, ছিপি দিয়ে আটকানো, বিজ্ঞাপন দেওয়া
pocket,পকেট, পকেটে ভরা
poem,কবিতা, পদ্য
poet,কবি, গীতিকার
poetry,কবিতা, কাব্যগ্রন্থ
point,বিন্দু, নির্দেশ করা, তীব্র প্রান্ত, অভিমত
poison,বিষ, বিষাক্ত করা, বিষ প্রয়োগ করা
pole,মেরু, খুঁটি, দণ্ড
police,পুলিশ, আরক্ষী বাহিনী, শান্ত রাখা
polish,পালিশ করা, চকচকে করা, মার্জিত রূপ
polite,ভদ্র, নম্র
political,রাজনৈতিক, রাষ্ট্র সংক্রান্ত
politics,রাজনীতি, রাষ্ট্রনীতি
pond,পুকুর, ডোবা
pool,পুকুর, জলাশয়, কুন্ড, বাজি ধরা
poor,দরিদ্র, বেচারা, মন্দ
popular,জনপ্রিয়, সর্বজনীন
population,জনসংখ্যা, অধিবাসী
port,বন্দর, প্রবেশদ্বার
portion,অংশ, ভাগ করা
position,অবস্থান, পদমর্যাদা, স্থাপন করা
positive,ইতিবাচক, নিশ্চিত
possess,অধিকার করা, স্বত্বাধিকারী হওয়া
possible,সম্ভব, সাধ্য
post,ডাক, খুঁটি, পদ, পোস্ট করা, পাঠানো
pot,পাত্র, হাঁড়ি, টবে রোপণ করা
potato,আলু, গোল আলু
pound,পাউন্ড, আঘাত করা, পাউন্ড ওজন
pour,ঢালা, বর্ষণ হওয়া
poverty,দারিদ্র্য, অভাব অনটন
powder,গুঁড়ো, পাউডার মাখানো
power,ক্ষমতা, শক্তি, বিদ্যুৎ, বল দেওয়া
practical,ব্যবহারিক, বাস্তবসম্মত
practice,অনুশীলন, প্রথা, প্র্যাকটিস করা
praise,প্রশংসা করা, স্তুতি
pray,প্রার্থনা করা, উপাসনা করা
preach,ধর্মোপদেশ দেওয়া, প্রচার করা
precious,মূল্যবান, দামী
prefer,অধিকতর পছন্দ করা, অগ্রাধিকার দেওয়া
prepare,প্রস্তুত করা, তৈরি করা
presence,উপস্থিতি, বিদ্যমানতা
present,বর্তমান, উপহার, উপস্থাপন করা
preserve,সংরক্ষণ করা, রক্ষা করা
president,রাষ্ট্রপতি, সভাপতি
press,চাপ দেওয়া, সংবাদপত্র, ভিড় করা
pretty,সুন্দর, বেশ, মনোরম
prevent,প্রতিরোধ করা, বাধা দেওয়া
prey,শিকার, শিকার করা, লুটের মাল
price,মূল্য, দাম, দর নির্ধারণ করা
pride,গর্ব, অহংকার, গর্ব প্রকাশ করা
priest,পুরোহিত, ধর্মযাজক
primal,আদিম, মৌলিক
primary,প্রাথমিক, প্রধান
prime,প্রধান, সর্বোত্তম অংশ, প্রস্তুত করা
prince,রাজপুত্র, যুবরাজ
princess,রাজকুমারী, যুবরাজ্ঞী
principal,অধ্যক্ষ, প্রধান, মূলধন
principle,নীতি, আদর্শ
print,মুদ্রণ করা, ছাপানো, ছাপ
prison,কারাগার, জেলখানা
private,ব্যক্তিগত, গোপন, সাধারণ সৈনিক
privilege,বিশেষ সুবিধা, অগ্রাধিকার
prize,পুরস্কার, মূল্যায়ন করা, লুণ্ঠিত সামগ্রী
probable,সম্ভাব্য, বিশ্বাসযোগ্য
problem,সমস্যা, জটিলতা
process,প্রক্রিয়া, প্রক্রিয়াজাত করা, অগ্রগতি
produce,উত্পাদন করা, উপস্থাপন করা, ফসল
profession,পেশা, বৃত্তি, স্বীকৃতি
professional,পেশাদার, বৃত্তি সংক্রান্ত
professor,অধ্যাপক, শিক্ষক
profit,লাভ, উপার্জন, লাভবান হওয়া
program,প্রোগ্রাম, পরিকল্পনা, সূচি নির্ধারণ করা
progress,অগ্রগতি, উন্নতি করা
project,প্রকল্প, পরিকল্পনা করা, প্রক্ষেপণ করা
promise,প্রতিশ্রুতি দেওয়া, অঙ্গীকার
prompt,তত্পর, উদ্বুদ্ধ করা, ইশারা
pronounce,উচ্চারণ করা, ঘোষণা করা
proof,প্রমাণ, প্রতিরোধী
proper,সঠিক, উপযুক্ত
property,সম্পত্তি, বৈশিষ্ট্য
prophet,নবী, পয়গম্বর
propos,প্রস্তাবিত, যথোপযুক্ত
proposal,প্রস্তাব, বিয়ের প্রস্তাব
propose,প্রস্তাব করা, বিয়ের প্রস্তাব দেওয়া
prose,গদ্য, নীরস রচনা
prospect,প্রত্যাশা, সম্ভাবনা, অনুসন্ধান করা
protect,রক্ষা করা, নিরাপদ রাখা
protest,প্রতিবাদ করা, আপত্তি জানানো
proud,গর্বিত, অহংকারী
prove,প্রমাণ করা, যাচাই করা
proverb,প্রবাদ, প্রবাদ বাক্য
provide,সরবরাহ করা, জোগান দেওয়া
province,প্রদেশ, কার্যক্ষেত্র
provoke,উত্তেজিত করা, উস্কে দেওয়া
public,জনসাধারণ, সরকারী, প্রকাশ্য
publish,প্রকাশ করা, প্রচার করা
pull,টানা, আকর্ষণ করা, টান
pulp,মণ্ড, মজ্জা, মণ্ড তৈরি করা
pulse,নাড়ি, স্পন্দন, ডাল
pump,পাম্প, পানি তোলার যন্ত্র, পাম্প করা
punish,শাস্তি দেওয়া, দণ্ড দেওয়া
pupil,ছাত্র, চোখের তারা
pure,বিশুদ্ধ, খাঁটি
purple,বেগুনী রঙ, রাজকীয়
purpose,উদ্দেশ্য, অভিপ্রায়, সংকল্প করা
purse,পার্স, টাকার থলি, কুঁচকানো
push,ধাক্কা দেওয়া, চাপ, ধাক্কা
put,রাখা, স্থাপন করা, প্রয়োগ করা
puzzle,ধাঁধা, হতবুদ্ধি করা
quality,মান, গুণমান, বৈশিষ্ট্য
quantity,পরিমাণ, সংখ্যা
quarrel,ঝগড়া করা, বিবাদ
quarter,কোয়ার্টার, সিকি ভাগ, আশ্রয় দেওয়া
queen,রানী, বেগম, দাবার রানী
queer,অদ্ভুত, সন্দেহজনক, গুলিয়ে দেওয়া
quench,তৃষ্ণা নিবারণ করা, নেভানো
question,প্রশ্ন করা, সন্দেহ করা, সমস্যা
quick,দ্রুত, চটপটে, প্রখর
quiet,শান্ত, নীরবতা, শান্ত করা
quill,পালকের কলম, কাঁটা
quilt,লেপ, কাঁথা, লেপ তৈরি করা
quit,ত্যাগ করা, ছেড়ে দেওয়া, মুক্ত
quite,সম্পূর্ণরূপে, বেশ, অত্যন্ত
quiver,কাঁপা, তূণীর, স্পন্দন
quiz,কুইজ, ধাঁধা, পরীক্ষা করা
quote,উদ্ধৃতি, মূল্য জানানো, উদ্ধৃত করা
race,জাতি, দৌড় প্রতিযোগিতা, দ্রুত চলা
radiant,দীপ্তিময়, উজ্জ্বল
radio,বেতার, রেডিও
rage,ক্রোধ, তীব্র রাগ, প্রচণ্ড বেগে চলা
rail,রেল, রেললাইন, কটূক্তি করা
rain,বৃষ্টি, বর্ষণ হওয়া
raise,উত্তোলন করা, বৃদ্ধি করা, লালন-পালন করা
range,পরিসীমা, শ্রেণী, সারিবদ্ধ করা
rank,পদমর্যাদা, সারিবদ্ধ করা, উগ্র
rapid,দ্রুত, দ্রুতগামী
rare,বিরল, অসাধারণ, আধসিদ্ধ
rate,হার, গতি, মূল্যায়ন করা, বকা দেওয়া
rather,বরং, কিছুটা
raw,কাঁচা, অনভিজ্ঞ, কাঁচামাল
ray,রশ্মি, কিরণ, আভাস
reach,পৌঁছানো, নাগাল পাওয়া, বিস্তার
read,পড়া, পাঠ করা, অনুধাবন করা
ready,প্রস্তুত, তৎপর, সজ্জা
real,বাস্তব, খাঁটি, প্রকৃত
realize,উপলব্ধি করা, সত্যে পরিণত করা
reap,ফসল কাটা, লাভ করা
reason,কারণ, যুক্তি প্রদর্শন করা, বুদ্ধি
rebel,বিদ্রোহী, বিদ্রোহ করা
receive,গ্রহণ করা, স্বাগত জানানো
recent,সাম্প্রতিক, আধুনিক
reckon,গণনা করা, মনে করা
recognize,স্বীকৃতি দেওয়া, চিনতে পারা
recommend,সুপারিশ করা, ভালো বলা
record,নথিভুক্ত করা, রেকর্ড, বিবরণ
recover,পুনরুদ্ধার করা, আরোগ্য লাভ করা
red,লাল, রক্তবর্ণ
reduce,হ্রাস করা, কমানো
refer,উল্লেখ করা, পাঠানো, নির্দেশ করা
refine,পরিশোধন করা, মার্জিত করা
reflect,প্রতিফলিত করা, চিন্তা করা
reform,সংস্কার করা, সংশোধন
refuge,আশ্রয়, আশ্রয়স্থল
refuse,প্রত্যাখ্যান করা, আবর্জনা
regard,শ্রদ্ধা, বিবেচনা করা, শুভেচ্ছা
region,অঞ্চল, এলাকা
regular,নিয়মিত, স্বাভাবিক
reign,শাসনকাল, রাজত্ব করা
reject,প্রত্যাখ্যান করা, বাতিল করা
rejoice,আনন্দ করা, আনন্দিত হওয়া
relate,সম্পর্কিত করা, বর্ণনা করা
relation,সম্পর্ক, আত্মীয়
relative,আত্মীয়, আপেক্ষিক
relax,শিথিল করা, আরাম করা
release,মুক্তি দেওয়া, প্রকাশ করা, খালাস
relief,ত্রাণ, সান্ত্বনা, স্বস্তি, উৎকীর্ণ চিত্র
religion,ধর্ম, বিশ্বাস
rely,নির্ভর করা, ভরসা রাখা
remain,অবশিষ্ট থাকা, থাকা
remark,মন্তব্য করা, লক্ষ্য করা
remedy,প্রতিকার, নিরাময় করা
remember,স্মরণ করা, মনে রাখা
remind,মনে করিয়ে দেওয়া, মনে করিয়ে দেওয়া
remove,অপসারণ করা, সরিয়ে ফেলা
render,প্রদান করা, অনুবাদ করা, উপস্থাপন করা
renew,নবায়ন করা, নতুন করা
rent,ভাড়া, ছিন্ন অংশ, ভাড়া দেওয়া
repair,মেরামত করা, সংশোধন করা
repeat,পুনরাবৃত্তি করা, আবার বলা
repent,অনুশোচনা করা, অনুতপ্ত হওয়া
replace,প্রতিস্থাপন করা, বদলে দেওয়া
reply,উত্তর দেওয়া, জবাব
report,প্রতিবেদন, রিপোর্ট করা, শব্দ
represent,প্রতিনিধিত্ব করা, চিত্রিত করা
republic,প্রজাতন্ত্র, গণপ্রজাতন্ত্রী
request,অনুরোধ করা, অনুনয়
require,প্রয়োজন হওয়া, দাবি করা
rescue,উদ্ধার করা, মুক্ত করা
research,গবেষণা, অনুসন্ধান করা
resemble,সদৃশ হওয়া, একই রকম হওয়া
reserve,সংরক্ষণ করা, বুক করা, সংরক্ষিত এলাকা
reside,বাস করা, অবস্থান করা
resign,পদত্যাগ করা, সঁপে দেওয়া
resist,প্রতিরোধ করা, বাধা দেওয়া
resolve,সমাধান করা, সংকল্প করা
resort,আশ্রয়স্থল, অবলম্বন করা, পর্যটন কেন্দ্র
respect,সম্মান করা, শ্রদ্ধা, ভক্তি
respond,সাড়া দেওয়া, উত্তর দেওয়া
rest,বিশ্রাম, অবশিষ্ট অংশ, শায়িত থাকা
restore,পুনরুদ্ধার করা, ফিরিয়ে আনা
result,ফলাফল, ফলস্বরূপ ঘটা
retain,ধরে রাখা, বজায় রাখা
retire,অবসর নেওয়া, ঘুমাতে যাওয়া
retreat,পশ্চাদপসরণ, নির্জন স্থান, পিছু হটা
return,ফিরে আসা, ফেরত দেওয়া, লাভ
reveal,প্রকাশ করা, উন্মোচন করা
revenge,প্রতিশোধ, প্রতিশোধ নেওয়া
reverence,শ্রদ্ধা, ভক্তি করা
review,পর্যালোচনা করা, পুনর্বিবেচনা, সমালোচনা
revive,পুনরুজ্জীবিত করা, নতুন প্রাণ দেওয়া
reward,পুরস্কার, পুরস্কৃত করা
rhythm,ছন্দ, তাল
rib,পাঁজর, তীরের হাড়, ঠাট্টা করা
rice,ধান, চাল, ভাত
rich,ধনী, সমৃদ্ধ, মূল্যবান
rid,মুক্ত করা, রেহাই দেওয়া
riddle,ধাঁধা, চালনি, ঝাঁঝরা করা
ride,আরোহণ করা, চড়া, আরোহী ভ্রমণ
ridge,শৈলশিরা, উঁচু রেখা
ridiculous,হাস্যকর, অদ্ভুত
rifle,রাইফেল, লুণ্ঠন করা
right,সঠিক, ডান, অধিকার, সরাসরি
rigid,অনমনীয়, কঠোর
ring,আংটি, বাজানো, বলয়, চক্র
ripe,পাকা, পরিপক্ক
rise,উত্থান, ওঠা, উদিত হওয়া
risk,ঝুঁকি, বিপদ, ঝুঁকিপূর্ণ কাজ করা
rival,প্রতিদ্বন্দ্বী, প্রতিদ্বন্দ্বিতা করা
river,নদী, প্রবাহ
road,রাস্তা, পথ
roar,গর্জন করা, অট্টহাসি হাসা
roast,ভাজা, রোস্ট করা, উপহাস করা
rob,ডাকাতি করা, লুণ্ঠন করা
robe,পোশাক, রাজকীয় আলখাল্লা
rock,পাথর, শিলা, দোলানো
rod,দণ্ড, লাঠি, ছড়ি
rogue,দুর্বৃত্ত, বাউন্ডুলে
roll,রোল, গড়ানো, গুটানো, তালিকা
roof,ছাদ, ছাউনি
room,ঘর, কক্ষ, খালি জায়গা
root,মূল, শিকড়, প্রোথিত করা
rope,দড়ি, রশি, দড়ি দিয়ে বাঁধা
rose,গোলাপ ফুল, গোলাপী রঙ
rough,অমসৃণ, রুক্ষ, খসড়া
round,গোল, বৃত্তাকার, ঘুরপাক খাওয়া
route,পথ, রুট
row,সারি, নৌকা চালানো, গোলমাল
royal,রাজকীয়, রাজকীয় ব্যক্তি
rub,ঘষা, মর্দন করা
rude,অসভ্য, রুক্ষ, অভদ্র
rug,কম্বল, মাদুর
ruin,ধ্বংস করা, সর্বনাশ করা, ধ্বংসাবশেষ
rule,নিয়ম, শাসন করা, রেখা টানা
rumor,গুজব, রটনা, রটানো
run,দৌড়ানো, চালানো, চালনা
rural,গ্রামীণ, গ্রাম্য
rush,তাড়াহুড়ো করা, তীব্র ধারা, খড়
rust,মরিচা, মরিচা পড়া, ক্ষয় হওয়া
sacred,পবিত্র, পূত
sad,দুঃখিত, বিষণ্ণ
safe,নিরাপদ, সিন্দুক
sag,ঝুলে পড়া, ম্লান হওয়া
sage,বিজ্ঞ ব্যক্তি, ঋষি, তেজপাতা
sail,পাল খাটানো, নৌভ্রমণ করা
saint,সাধু, পীর, পবিত্র ব্যক্তি
sake,নিমিত্ত, উদ্দেশ্য
salad,সালাদ, কাঁচা সবজির মিশ্রণ
salary,বেতন, পারিশ্রমিক
sale,বিক্রয়, সস্তা দরে বিক্রি
saliva,লালা, থুতু
salt,লবণ, নুন দেওয়া
salute,অভিবাদন জানানো, কুর্নিশ করা
same,একই, অভিন্ন
sample,নমুনা, উদাহরণস্বরূপ
sand,বালু, বালি, ঘষে পরিষ্কার করা
sane,সুস্থমস্তিষ্ক, বিচারবুদ্ধিসম্পন্ন
sap,রস, মজ্জা, দুর্বল করা
sarcasm,বিদ্রূপ, কটাক্ষ
sash,কোমরবন্ধ, ফিতা
satire,ব্যঙ্গরচনা, ব্যঙ্গ
satisfy,সন্তুষ্ট করা, মেটানো
savage,বন্য, বর্বর, হিংস্র পশু
save,রক্ষা করা, সঞ্চয় করা, ব্যতীত
savory,সুস্বাদু, সুগন্ধি
saw,করাত, প্রবাদ, করাত দিয়ে কাটা
say,বলা, বক্তব্য, মতামত প্রকাশ করা
scale,স্কেল, আঁশ, পরিমাপ করা, আরোহণ করা
scandal,কেলেঙ্কারি, অপবাদ
scar,দাগ, ক্ষতচিহ্ন
scarce,দুর্লভ, বিরল
scare,ভীত করা, আতঙ্কিত করা, আতঙ্ক
scarf,স্কার্ফ, গলার ওড়না
scarlet,টকটকে লাল রঙ, উজ্জ্বল লাল
scatter,ছিটিয়ে দেওয়া, ছড়িয়ে পড়া
scene,দৃশ্য, রঙ্গভূমি, পটভূমি
scent,সুগন্ধ, গন্ধ শোঁকা
schedule,তফসিল, সময়সূচী, তালিকাভুক্ত করা
scheme,পরিকল্পনা, চক্রান্ত, স্কিম
scholar,পণ্ডিত, ছাত্রবৃত্তি প্রাপ্ত ব্যক্তি
school,বিদ্যালয়, শিক্ষা দেওয়া, ঝাঁক
science,বিজ্ঞান, বিশেষ জ্ঞান
scientific,বৈজ্ঞানিক, বিজ্ঞানসম্মত
scold,তিরস্কার করা, বকাঝকা করা
scoop,হাতা, চামচ, কুড়িয়ে নেওয়া
scope,সুযোগ, পরিধি, ক্ষেত্র
scorch,ঝলসানো, ম্লান করা
score,স্কোর, রান, নম্বর দেওয়া, কুড়ি
scorn,ঘৃণা করা, অবজ্ঞা
scout,স্কাউট, চর, সন্ধান করা
scrape,ঘষা লাগা, আঁচড়ানো, কোনোমতে চলা
scratch,আঁচড়ানো, চুলকানো, আঁচড়
scream,চিৎকার করা, আর্তনাদ
screen,পর্দা, আড়াল করা, পরীক্ষা করা
screw,স্ক্রু, স্ক্রু দিয়ে আটকানো, পাকানো
scribe,লেখক, লিপিকার
script,লিপি, পাণ্ডুলিপি, হরফ
scroll,স্ক্রল, গুটানো কাগজ, স্ক্রল করা
scrub,ঘষে পরিষ্কার করা, ছোট জঙ্গল
sculptor,ভাস্কর, খোদাইকারক
sea,সমুদ্র, সাগর
seal,সিলমোহর, সিল করা, সিল মাছ
search,অনুসন্ধান করা, খোঁজা
season,ঋতু, মসলা দেওয়া, উপযোগী করা
seat,আসন, বসানো, বসার জায়গা
second,দ্বিতীয়, সেকেন্ড, সমর্থন করা
secret,গোপন, রহস্য
section,বিভাগ, খণ্ড, টুকরো করা
secure,নিরাপদ, সুরক্ষিত করা
sediment,পলল, তলানি
see,দেখা, বুঝতে পারা, বিবেচনা করা
seed,বীজ, অঙ্কুর, বীজ বপন করা
seek,অনুসন্ধান করা, অন্বেষণ করা
seem,মনে হওয়া, প্রতীয়মান হওয়া
seize,আঁকড়ে ধরা, বাজেয়াপ্ত করা
seldom,কদাচিৎ, খুব কমই
select,বাছাই করা, নির্বাচিত, চমৎকার
self,স্বয়ং, নিজে, আপন
sell,বিক্রি করা, বিপণন করা
send,পাঠানো, প্রেরণ করা
sense,অনভূতি, বুদ্ধি, অর্থ, অনুভব করা
sentence,বাক্য, শাস্তি, শাস্তি দেওয়া
sentinel,প্রহরী, সান্ত্রী
separate,পৃথক করা, আলাদা, বিচ্ছিন্ন করা
serene,শান্ত, নির্মল
serious,গুরুতর, গম্ভীর
sermon,ধর্মোপদেশ, উপদেশমূলক বক্তৃতা
serpent,সাপ, সর্প
servant,চাকর, ভৃত্য
serve,সেবা করা, পরিবেশন করা, কাজ করা
service,সেবা, চাকরি, পূজা, মেরামত করা
session,অধিবেশন, সভা
set,স্থির করা, সেট, সূর্যাস্ত যাওয়া, স্থাপন করা
settle,মীমাংসা করা, বসতি স্থাপন করা, স্থির হওয়া
several,কয়েকটি, বিভিন্ন
severe,তীব্র, কঠোর, গুরুতর
sew,সেলাই করা, সেলাই দিয়ে যুক্ত করা
shade,ছায়া, শেড, হালকা রঙের ছটা
shadow,ছায়া, অন্ধকার, অনুসরণ করা
shake,ঝাঁকানো, কম্পন, হাত মেলানো
shall,হবে, নিশ্চয়তা প্রকাশ করা
shallow,অগভীর, হালকা জ্ঞানসম্পন্ন
shame,লজ্জা, লজ্জিত করা, কলঙ্ক
shape,আকৃতি, রূপ দেওয়া, গঠন করা
share,অংশ, ভাগ করা, শেয়ার
sharp,তীক্ষ্ণ, ধারালো, বুদ্ধিমান, তীব্র
shatter,চূর্ণবিচূর্ণ করা, ধ্বংস করা
shave,কামানো, ক্ষৌরকর্ম করা, কুচানো
she,সে, তিনি (স্ত্রীবাচক)
shear,কাটা, পশম কাটা
sheath,খাপ, খাপের মধ্যে রাখা
shed,চালাঘর, ঝরানো, ছিটানো, ফেলে দেওয়া
sheep,ভেড়া, মেষ
sheet,চাদর, পাতা, পাতলা তক্তা
shelf,শেলফ, তাক
shell,খোলস, শামুক, শেল নিক্ষেপ করা
shelter,আশ্রয়, নিরাপদ রাখা, আশ্রয় দেওয়া
shepherd,রাখাল, মেষপালক, পথ দেখানো
shield,ঢাল, রক্ষা করা, আড়াল করা
shift,স্থানান্তর করা, পরিবর্তন, পালাবদল
shine,কিরণ দেওয়া, দীপ্তি, আলো ছড়ানো
ship,জাহাজ, জাহাজে পাঠানো, প্রেরণ করা
shirt,জামা, শার্ট
shiver,কাঁপা, কম্পন, শিউরে ওঠা
shock,ধাক্কা, আতঙ্কিত করা, আঘাত
shoe,জুতো, জুতো পরানো
shoot,গুলি করা, অঙ্কুর, নতুন ডাল, দ্রুত চলা
shop,দোকান, কেনাকাটা করা
shore,উপকূল, তীর, তীরের দিকে টানা
short,ছোট, সংক্ষিপ্ত, খাটো
should,উচিত, প্রত্যাশা করা
shoulder,কাঁধ, কাঁধে নেওয়া, ধাক্কা দিয়ে চলা
shout,চিৎকার করা, চেঁচানো
shove,ধাক্কা দেওয়া, ঠেলে সরিয়ে দেওয়া
shovel,বেলচা, বেলচা দিয়ে তোলা
show,প্রদর্শন করা, দেখানো, প্রদর্শনী
shrewd,চতুর, বিচক্ষণ
shriek,আর্তনাদ করা, তীক্ষ্ণ চিৎকার
shrine,পূজাস্থল, পবিত্র স্থান
shrink,কুঁচকে যাওয়া, হ্রাস পাওয়া, সংকুচিত হওয়া
shrub,গুল্ম, ছোট ঝোপঝাড়
shrug,কাঁধ ঝাঁকানো, উদাসীনতা
shun,এড়িয়ে চলা, বর্জন করা
shut,বন্ধ করা, অবরুদ্ধ করা
shy,লাজুক, ভীতু, কুণ্ঠিত
sick,অসুস্থ,পীড়িত
side,পার্শ্ব, দিক, পক্ষ নেওয়া
siege,অবরোধ, ঘেরাও
sigh,দীর্ঘশ্বাস ফেলা, আফসোস করা
sight,দৃষ্টিশক্তি, দৃশ্য, লক্ষ্য করা
sign,চিহ্ন, স্বাক্ষর করা, ইঙ্গিত
signal,সংকেত, সংকেত দেওয়া, বিশিষ্ট
signify,তাৎপর্যপূর্ণ করা, অর্থ প্রকাশ করা
silence,নীরবতা, নীরব করা, শান্ত করা
silent,নীরব, নিঃশব্দ
silk,রেশম, সিল্ক
silly,বোকা, মূর্খ
silver,রূপা, রূপালী রঙ
similar,অনুরূপ, সদৃশ
simple,সহজ, সরল, সাদাসিধে
since,যেহেতু, থেকে, এরপর
sincere,আন্তরিক, খাঁটি, অকপট
sinew,পেশীবল, শক্তি
sing,গান গাওয়া, গুণগান করা
single,একক, অবিবাহিত, বাছাই করা
sink,ডুবে যাওয়া, সিঙ্ক, অবনতি ঘটা
sip,চুমুক দেওয়া, অল্প চুমুক
sir,মহাশয়, স্যার
sister,বোন, ভগিনী
sit,বসা, উপবেশন করা, সভা করা
site,স্থান, সাইট, স্থাপনা
situation,পরিস্থিতি, অবস্থান, চাকরি
size,আকার, পরিমাপ, মাপ নেওয়া
skeleton,কঙ্কাল, কঙ্কালসার রূপ
sketch,স্কেচ, খসড়া আঁকা, সংক্ষিপ্ত বিবরণ
skill,দক্ষতা, পারদর্শিতা
skin,চামড়া, খোসা ছাড়ানো, চামড়া ছালানো
skip,এড়িয়ে যাওয়া, লাফানো
skirt,স্কার্ট, প্রান্ত দিয়ে চলা
sky,আকাশ, গগন
slab,তক্তা, চ্যাপ্টা স্লাব
slack,শিথিল, অলস সময়, আলগা
slain,নিহত, বধ করা
slam,ধাক্কা দিয়ে বন্ধ করা, সজোরে আঘাত
slander,অপবাদ, কুৎসা রটানো
slant,হেলানো, পক্ষপাতিত্ব করা
slap,চড় মারা, আঘাত
slate,স্লেট, স্লেট পাথর, মনোনয়ন দেওয়া
slaughter,বধ করা, পশুহত্যা, হত্যাকাণ্ড
slave,দাস, কঠোর পরিশ্রম করা
slay,বধ করা, হত্যা করা
sleep,ঘুমানো, নিদ্রা
sleeve,হাতা, জামার হাতা
slender,সরু, কৃশ, সামান্য
slice,টুকরো, টুকরো করে কাটা
slide,পিচ্ছিল হয়ে চলা, স্লাইড, হড়কানো
slight,সামান্য, অবজ্ঞা করা, হালকা
slim,সরু, পাতলা, কৃশ
sling,তিড়িং লাফ, গুলতি, ঝুলিয়ে রাখা
slip,পিছলে যাওয়া, স্লিপ, ভুল করা
slope,ঢাল, হেলানো, ঢালু হওয়া
slow,ধীর, অলস, গতি কমানো
slumber,ঘুম, তন্দ্রা যাওয়া
sly,ধূর্ত, চতুর
small,ছোট, ক্ষুদ্র, সামান্য
smart,স্মার্ট, বুদ্ধিমান, তীব্র ব্যথা করা
smash,চূর্ণবিচূর্ণ করা, চূর্ণ করা, আঘাত
smell,গন্ধ, ঘ্রাণ নেওয়া, গন্ধ পাওয়া
smile,হাসি, মৃদু হাসা
smith,কামার, কারিগর
smoke,ধোঁয়া, ধূমপান করা
smooth,মসৃণ, সহজ করা, শান্ত করা
snail,শামুক, ধীরগতির জীব
snake,সাপ, সর্প
snap,হঠাৎ ভেঙে যাওয়া, ছবি তোলা
snare,ফাঁদ, ফাঁদে ফেলা
snatch,ছিনিয়ে নেওয়া, গ্রাস করা
sneak,গোপনে চলা, ভীরু লোক
sneer,অবজ্ঞার হাসি, কটাক্ষ করা
sniff,শোঁকা, সর্দি টানা
snow,তুষার, তুষারপাত হওয়া
soak,ভিজিয়ে রাখা, শুষে নেওয়া
soap,সাবান, সাবান মাখানো
soar,ঊর্ধ্বে ওড়া, ওপরে ওঠা
sob,ফুঁপিয়ে কাঁদা, ফুঁপানি
sober,সংযমী, শান্ত, গম্ভীর করা
social,সামাজিক, সমাজপ্রিয়
society,সমাজ, সমিতি
sock,মোজা, মোজা পরা
soda,সোডা, সোডা জল
sofa,সোফা, গদিদার আসন
soft,নরম, মৃদু, হালকা
soil,মাটি, নোংরা করা
solar,সৌর, সূর্য সংক্রান্ত
soldier,সৈনিক, যোদ্ধা, লড়াই করা
sole,একমাত্র, পায়ের তলা, সোল মাছ
solemn,গুরুগম্ভীর, পবিত্র, গম্ভীর
solid,কঠিন, শক্ত, নির্ভরযোগ্য
solitary,একাকী, নির্জন
solve,সমাধান করা, মীমাংসা করা
some,কিছু, কয়েকটি
son,পুত্র, ছেলে
song,গান, সঙ্গীত
soon,শীঘ্রই, শীঘ্র
soothe,শান্ত করা, উপশম করা
sore,ক্ষত, বেদনাদায়ক, দুঃখজনক
sorrow,দুঃখ, শোক করা
sorry,দুঃখিত, অনুতপ্ত
sort,ধরণ, শ্রেণীভুক্ত করা, বাছাই করা
soul,আত্মা, মন, ব্যক্তি
sound,শব্দ, সুস্থ, সঠিক, শোনানো
soup,সুপ, ঝোল
sour,টক, অম্লরস
source,উত্স, মূল, উৎপত্তি
south,দক্ষিণ, দক্ষিণ দিক
sovereign,সার্বভৌম, সম্রাট
space,মহাকাশ, জায়গা, দূরত্ব দেওয়া
spade,কোদাল, ইস্কাবন
span,বিস্তার, স্প্যান, পরিমাপ করা
spare,অতিরিক্ত, রেহাই দেওয়া, বাঁচানো
spark,স্ফুলিঙ্গ, স্ফুলিঙ্গ ছড়ানো
speak,কথা বলা, বক্তৃতা দেওয়া
special,বিশেষ, সুনির্দিষ্ট
specimen,নমুনা, উদাহরণ
spectacle,তমাশা, চশমা, প্রদর্শন
speech,বক্তৃতা, ভাষা, বক্তব্য
speed,গতি, দ্রুত চলা, ত্বরান্বিত করা
spell,বানান করা, জাদু, সময়কাল
spend,ব্যয় করা, কাটানো
sphere,গোলক, ক্ষেত্র
spice,মসলা, মসলা দেওয়া, মশলাদার করা
spider,মাকড়সা, মাকড়শার মত
spill,ছড়িয়ে পড়া, উছলে পড়া
spin,পাক খাওয়ানো, সুতা কাটা, ঘোরানো
spirit,আত্মা, মনবল, চেতনা
spit,থুতু ফেলা, শিক
spite,বিদ্বেষ, আক্রোশ, ক্ষুণ্ন করা
splendid,চমৎকার, দীপ্তিময়
split,বিভক্ত করা, ফাটল, চেরা
spoil,নষ্ট করা, লুটের মাল
sponge,স্পঞ্জ, স্পঞ্জ দিয়ে মোছা
sponsor,পৃষ্ঠপোষক, পৃষ্ঠপোষকতা করা
spoon,চামচ, চামচ দিয়ে তোলা
sport,খেলাধুলা, মজা করা
spot,স্থান, দাগ, চিহ্নিত করা
spread,ছড়িয়ে দেওয়া, বিস্তার
spring,বসন্তকাল, স্প্রিং, লাফানো, ঝরণা
spur,প্রেরণা, উদ্দীপনা দেওয়া
spy,গোয়েন্দা, চরবৃত্তি করা
squad,দল, ছোট সৈন্যদল
square,বর্গক্ষেত্র, চৌকো, সমকোণ করা
squeeze,নিংড়ানো, চাপ দেওয়া, গ্রাস
stable,আস্তাবল, স্থিতিশীল, দৃঢ়
stack,স্তূপ, গাদা করা
staff,কর্মীদল, লাঠি, দণ্ড, কর্মী নিয়োগ করা
stage,মঞ্চ, পর্যায়, অভিনয় করা
stain,দাগ, কলঙ্কিত করা
stair,সিঁড়ি, ধাপ
stake,খুঁটি, বাজি, বাজি ধরা
stale,বাসি, একঘেয়ে
stalk,কাণ্ড, ডাটা, চুপি চুপি অনুসরণ করা
stall,আস্তাবল, দোকান, থমকে যাওয়া
stamp,টিকিট, ডাকটিকিট, সিল মারা, পা দিয়ে আঘাত করা
stand,দাঁড়ানো, অবস্থান, সহ্য করা
standard,মান, মানদণ্ড, আদর্শ
star,তারকা, নক্ষত্র, তারকা চিহ্নিত করা
stare,একদৃষ্টিতে তাকানো, চেয়ে থাকা
start,শুরু করা, চমকে ওঠা, আরম্ভ
starve,ক্ষুধার্ত থাকা, না খেয়ে মরা
state,রাষ্ট্র, রাজ্য, ব্যক্ত করা, অবস্থা
station,স্টেশন, ঘাটি, স্থাপন করা
statue,মূর্তি, ভাস্কর্য
stature,উচ্চতা, মর্যাদা
statute,বিধিবদ্ধ আইন, অধ্যাদেশ
stay,থাকা, অবস্থান করা, স্থগিতকরণ
steady,স্থির, অবিচল, শান্ত করা
steal,চুরি করা, গোপনে চলা
steam,বাষ্প, বাষ্প তৈরি করা, বাষ্পে চলা
steel,ইস্পাত, শক্ত করা
steep,খাড়া, অতি উচ্চ, নিমজ্জিত করা
steer,পরিচালনা করা, ষাঁড়, পথ দেখানো
stem,কাণ্ড, ডাটা, রোধ করা, উদ্ভূত হওয়া
step,পদক্ষেপ, পা ফেলা, সিঁড়ির ধাপ
stern,কঠোর, গম্ভীর, জাহাজের পেছনের অংশ
stick,লাঠি, আঁকড়ে থাকা, আটকে যাওয়া
stiff,অনমনীয়, শক্ত, জেদী
still,এখনও, শান্ত, নীরবতা
stimulus,উদ্দীপনা, প্রেরণা
sting,হুল ফোটানো, দংশন, কামড়
stir,আলোড়ন করা, নাড়ানো, নাড়াচড়া
stitch,সেলাই করা, ফোঁড়, সেলাই
stock,মজুদ, শেয়ার, বংশ, মজুদ করা
stone,পাথর, পাথর মারা, বীজ
stoop,নত হওয়া, নিচু হওয়া
stop,থামা, বন্ধ করা, বিরতি
store,দোকান, মজুদ করা, ভাণ্ডার
storm,ঝড়, আক্রমণ করা, প্রচণ্ড বেগে চলা
story,গল্প, কাহিনী, তলা (বিল্ডিংয়ের)
stout,মোটা, শক্তিশালী, সাহসী
straight,সোজা, সরাসরি, অবিলম্বে
strain,টান, চাপ, ছাঁকা, বংশধারা
strange,অদ্ভুত, অপরিচিত
strap,ফিতা, ফিতা দিয়ে বাঁধা
stratagem,কৌশল, চাতুরি
straw,খড়, নল
stray,বিপথগামী, ঘুরে বেড়ানো
streak,রেখা, দাগ, ডোরাকাটা
stream,ঝরণা, ছোট নদী, প্রবাহিত হওয়া
street,রাস্তা, পথ
strength,শক্তি, বল
stress,চাপ, গুরুত্ব, জোর দেওয়া
stretch,প্রসারিত করা, টানা, বিস্তার
strict,কঠোর, সুনির্দিষ্ট
stride,দীর্ঘ পদক্ষেপ, বড় পদক্ষেপে চলা
strife,দ্বন্দ্ব, বিবাদ
strike,ধর্মঘট, আঘাত করা, সফল হওয়া
string,দড়ি, রশি, তার, সুতোয় গাঁথা
strip,খোসা ছাড়ানো, ফালি, ফালির মত কাটা
stripe,ডোরা, দাগ, ডোরাকাটা করা
strive,চেষ্টা করা, সংগ্রাম করা
stroke,আঘাত, স্ট্রোক, হাত বুলানো
strong,শক্তিশালী, দৃঢ়, তীব্র
structure,গঠন, কাঠামো, নির্মাণ করা
struggle,সংগ্রাম করা, লড়াকু প্রচেষ্টা
stubborn,একগুঁয়ে, জেদী
student,ছাত্র, শিক্ষার্থী
study,অধ্যয়ন করা, গবেষণা, পড়া
stuff,জিনিসপত্র, ঠাসা, উপাদান
stumble,হোঁচট খাওয়া, ভুল করা
stump,গাছের গুঁড়ি, স্টাম্প, হতভম্ব করা
stupid,বোকা, নির্বোধ
style,শৈলী, ফ্যাশন, কায়দা করা
subdue,বশ করা, দমন করা
subject,বিষয়, প্রজাসাধারণ, অধীন করা
sublime,মহৎ, জমকালো
submit,পেশ করা, বশ্যতা স্বীকার করা
substance,উপাদান, পদার্থ, সারমর্ম
substitute,বিকল্প, প্রতিস্থাপন করা
subtle,সূক্ষ্ম, চতুর
suburb,উপশহর, শহরতলী
subvert,উল্টে দেওয়া, ধ্বংস করা
succeed,সফল হওয়া, উত্তরাধিকারী হওয়া
success,সাফল্য, কৃতকার্যতা
such,এইরূপ, এই ধরণের
suck,শুষে নেওয়া, চোষা
sudden,হঠাৎ, আকস্মিক
suffer,কষ্ট পাওয়া, সহ্য করা
sufficient,যথেষ্ট, প্রচুর
sugar,চিনি, মিষ্টি কথা বলা
suggest,পরামর্শ দেওয়া, ইঙ্গিত করা
suit,উপযুক্ত হওয়া, মামলা, স্যুট পোশাক
suite,কামরা সমষ্টি, সেট
sullen,বিষণ্ণ, মেজাজ খারাপ
sum,সমষ্টি, যোগফল, অঙ্ক
summary,সারসংক্ষেপ, সংক্ষেপ
summer,গ্রীষ্মকাল, গরম কাল
summit,চূড়া, শিখর, শীর্ষ বৈঠক
summon,তলব করা, আহ্বান করা
sun,সূর্য, রোদ পোহানো
superb,চমৎকার, জমকালো
superficial,অগভীর, বাহ্যিক
superior,উচ্চতর, শ্রেষ্ঠ ব্যক্তি
supper,রাতের খাবার, আহার
supple,নমনীয়, কোমল
supply,সরবরাহ করা, জোগান
support,সমর্থন করা, ভরণপোষণ করা
suppose,মনে করা, অনুমান করা
suppress,দমন করা, চেপে রাখা
supreme,সর্বোচ্চ, পরম
sure,নিশ্চিত, বিশ্বস্ত
surface,পৃষ্ঠভাগ, উপরিভাগ
surge,তরঙ্গ, বৃদ্ধি পাওয়া, ঢেউ খেলা
surgeon,শল্যচিকিৎসক, সার্জন
surplus,উদ্বৃত্ত, বাড়তি
surprise,আশ্চর্য করা, বিস্ময়
surrender,আত্মসমর্পণ করা, সঁপে দেওয়া
surround,ঘিরে রাখা, বেষ্টন করা
survey,জরিপ, জরিপ করা, পর্যবেক্ষণ
survive,বেঁচে থাকা, টিকে থাকা
suspect,সন্দেহ করা, সন্দেহভাজন ব্যক্তি
suspend,ঝুলিয়ে রাখা, সাময়িক বরখাস্ত করা
suspicion,সন্দেহ, আশঙ্কা
sustain,বজায় রাখা, সহ্য করা
swallow,গিলে ফেলা, আবাবিল পাখি
swamp,জলাভূমি, প্লাবিত করা
swan,রাজহাঁস, রাজহাঁস পাখি
swarm,ঝাঁক, মৌমাছির ঝাঁক, ভিড় করা
swear,শপথ করা, গালি দেওয়া
sweat,ঘাম, ঘামানো
sweep,ঝাড়ু দেওয়া, দ্রুত চলে যাওয়া
sweet,মিষ্টি, সুমধুর, মনোরম
swell,স্ফীত হওয়া, ফুলে ওঠা, চমৎকার
swift,দ্রুত, চটপটে, আবাবিল পাখি
swim,সাঁতার কাটা, সাঁতার কাটা
swine,শূকর, নোংরা লোক
swing,দোলানো, ঝুলন্ত গতি, দোলনা
sword,তলোয়ার, খড়্গ
symbol,প্রতীক, চিহ্ন
sympathy,সহানুভূতি, সমবেদনা
symptom,লক্ষণ, উপসর্গ
synonym,সমার্থক শব্দ, প্রতিশব্দ
system,পদ্ধতি, প্রথা, প্রণালী
table,টেবিল, তালিকা, উপস্থাপন করা
tack,ছোট পেরেক, পেরেক মারা, দিক পরিবর্তন
tackle,সমাধান করা, মোকাবিলা করা, সরঞ্জাম
tact,কৌশল, বিচক্ষণতা
tail,লেজ, পশ্চাৎভাগ, অনুসরণ করা
tailor,দর্জি, পোশাক তৈরি করা, উপযোগী করা
take,নেওয়া, গ্রহণ করা, কাড়িয়া লওয়া
tale,গল্প, কাহিনী, গুজব
talent,প্রতিভা, মেধা, প্রাচীন মুদ্রা
talk,কথা বলা, আলাপচারিতা, আলোচনা
tall,লম্বা, উচ্চ
tame,পোষা, বশ করা, গৃহপালিত
tan,তামাটে রঙ, রোদে তামাটে হওয়া
tangible,স্পর্শযোগ্য, বাস্তব
tangle,জট পাকানো, বিশৃঙ্খলা
tank,ট্যাংক, জলাধার, চৌবাচ্চা
tap,আলতো চাপ দেওয়া, কল, টোকা দেওয়া
tape,ফিতা, টেপ রেকর্ড করা, ফিতা দিয়ে বাঁধা
tar,আলকাতরা, আলকাতরা মাখানো
target,লক্ষ্যবস্তু, লক্ষ্য নির্ধারণ করা
tariff,শুল্ক, কর তালিকা
task,কাজ, কার্যভার, কাজ দেওয়া
taste,স্বাদ, স্বাদ নেওয়া, পছন্দ
tax,কর, কর ধার্য করা, চাপ দেওয়া
tea,চা, চা পাতা
teach,শিক্ষা দেওয়া, শেখানো
teacher,শিক্ষক, শিক্ষিকা
team,দল, দলবদ্ধ করা
tear,অশ্রু, চোখের জল, ছিঁড়ে ফেলা
technical,প্রযুক্তিগত, কারিগরি
technique,কৌশল, পদ্ধতি
tedious,একঘেয়ে, বিরক্তিকর
teeth,দাঁতসমূহ, দন্ত
tell,বলা, ব্যক্ত করা, গণনা করা
temper,মেজাজ, শান্ত করা, রাগ
temperament,স্বভাব, মেজাজ
temperate,পরিমিত, নাতিশীতোষ্ণ
tempest,প্রবল ঝড়, গোলমাল
temple,মন্দির, উপাসনালয়, রগ
temporary,অস্থায়ী, সাময়িক
tempt,প্রলোভিত করা, প্রলুব্ধ করা
ten,দশ, ১০ সংখ্যা
tenant,ভাড়াটিয়া, চাষী, লিজ নেওয়া
tend,প্রবণতা থাকা, যত্ন নেওয়া, পাহারা দেওয়া
tender,কোমল, নরম, দরপত্র, পেশ করা
tense,উত্তেজিত, ক্রিয়ার কাল, শক্ত করা
tent,তঁবু, শিবির
term,মেয়াদ, শর্ত, শব্দ, অভিহিত করা
terminal,প্রান্তিক, টার্মিনাল, মারাত্মক
terrible,ভয়ানক, মারাত্মক
territory,অঞ্চল, রাজ্য
terror,ভয়, আতঙ্ক, সন্ত্রাসী
test,পরীক্ষা, পরীক্ষা করা, যাচাই
text,পাঠ্য, মূল গ্রন্থ, টেক্সট করা
than,চেয়ে, তুলনা করা
thank,ধন্যবাদ দেওয়া, কৃতজ্ঞতা প্রকাশ করা
that,ঐটি, যাহা, যে
theater,নাট্যশালা, সিনেমা হল, রঙ্গমঞ্চ
their,তাদের, তাদের নিজস্ব
them,তাদেরকে, তাদের
theme,মূলভাব, বিষয়বস্তু
then,তারপর, তখন
theory,তত্ত্ব, মতবাদ, তত্ত্ববিদ্যা
there,সেখানে, ঐ স্থানে
therefore,অতএব, সুতরাং
thermometer,থার্মোমিটার, উষ্ণতামাপক
these,এইগুলি, এই সব
they,তারা, তাহারা
thick,ঘন, মোটা, নিবিড়
thief,চোর, তস্কর
thigh,ঊরু, উরুদেশ
thin,পাতলা, কৃশ, হালকা করা
thing,জিনিস, বস্তু, বিষয়
think,চিন্তা করা, মনে করা, বিবেচনা করা
third,তৃতীয়, তিন ভাগের এক ভাগ
thirst,তৃষ্ণা, আকাঙ্ক্ষা করা
this,এই, এটি
thorn,কাঁটা, পীড়াদায়ক বস্তু
thorough,পুঙ্খানুপুঙ্খ, সম্পূর্ণ
those,ঐগুলি, ওই সব
though,যদিও, তা সত্ত্বেও
thought,চিন্তা, ধারণা, চিন্তা করেছিল
thousand,হাজার, ১০০০ সংখ্যা
thread,সুতো, তন্তু, সুতো পরানো
threat,হুমকি, ভীতি প্রদর্শন
three,তিন, ৩ সংখ্যা
threshold,প্রবেশদ্বার, চৌকাঠ, সীমা
thrice,তিনবার, ত্রিগুণ
thrift,মিতব্যয়িতা, সঞ্চয়
thrill,রোমাঞ্চ, শিহরিত হওয়া, রোমাঞ্চকর ঘটনা
throat,গলা, কণ্ঠনালী
throne,সিংহাসন, রাজপদ
throng,জনতা, ভিড় করা
through,মাধ্যমে, পার হয়ে, সরাসরি
throw,নিক্ষেপ করা, ছুড়ে ফেলা, নিক্ষেপ
thrust,ঠেলা, ধাক্কা দেওয়া, জোর করে ঢোকানো
thumb,বুড়ো আঙুল, পৃষ্ঠা উল্টানো
thunder,বজ্রধ্বনি, গর্জন করা
thus,এইভাবে, সুতরাং
tide,জোয়ার-ভাটা, স্রোত, পার হওয়া
tie,বাঁধা, টাই, বন্ধন, সমান সমান হওয়া
tiger,বাঘ, ব্যাঘ্র
tight,শক্ত, আঁটসাঁট, টানটান
tile,টাইলস, খাপরা, টাইলস বসানো
till,পর্যন্ত, চাষ করা, ক্যাশবাক্স
timber,কাঠ, ইমারতি কাঠ
time,সময়, কাল, বার, সময় নির্ধারণ করা
timid,ভীরু, লাজুক
tin,টিন, রাং, টিনের পাত্রে রাখা
tiny,ক্ষুদ্র, অতি ছোট
tip,টিপস, প্রান্ত, বকশিশ, বকশিশ দেওয়া, কাত করা
tire,ক্লান্ত করা, চাকা, টায়ার
title,শিরোনাম, উপাধি, স্বত্ব
to,প্রতি, দিকে, অভিমুখে
tobacco,তামাক, তামাক পাতা
today,আজ, বর্তমান দিন
toe,পায়ের আঙুল, লাথি মারা
together,একত্রে, একসাথে
toil,কঠোর পরিশ্রম করা, জাল
token,প্রতীক, স্মারক, টোকেন
tolerable,সহনীয়, মোটামুটি ভালো
toll,টোল, কর, ঘণ্টা বাজানো, ক্ষতি
tomato,টমেটো, বিলাতি বেগুন
tomb,কবর, সমাধিস্তম্ভ
tone,সুর, গলার স্বর, সুর দেওয়া, টোন
tongue,জিহ্বা, ভাষা, জিব
tonight,আজ রাতে, অদ্য রজনী
too,ও, অত্যন্ত, ও বটে
tool,সরঞ্জাম, হাতিয়ার, যন্ত্র দিয়ে কাজ করা
tooth,দাঁত, দন্ত
top,শীর্ষ, লাটিম, সর্বোত্তম, ওপরে থাকা
topic,বিষয়, আলোচনা সূচী
torch,মশাল, টর্চলাইট
torment,যাতনা, কষ্ট দেওয়া, লাঞ্ছিত করা
torrent,তীব্র জলধারা, প্রবল স্রোত
torture,অত্যাচার, নির্যাতন করা
total,মোট, সম্পূর্ণ, যোগফল বের করা
touch,স্পর্শ করা, ছোঁয়া, স্পর্শ
tough,কঠিন, শক্ত, সহনশীল
tour,ভ্রমণ, সফর করা
toward,অভিমুখে, দিকে, নিকটবর্তী
towel,তোয়ালে, গামছা দিয়ে মোছা
tower,টাওয়ার, দুর্গ, ওপরে ওঠা, চূড়া
town,শহর, নগর
toy,খেলনা, খেলনা নিয়ে খেলা করা
trace,চিহ্ন, অনুসন্ধান করা, রূপরেখা আঁকা
track,পথ, ট্র্যাক, অনুসরণ করা
trade,বাণিজ্য, ব্যবসা করা, লেনদেন করা
tradition,ঐতিহ্য, প্রথা
traffic,যানবাহন, ট্রাফিক, অবৈধ ব্যবসা করা
tragedy,বিয়োগান্তক ঘটনা, ট্র্যাজেডি
trail,পথ, চিহ্ন, পেছনে টানা, ট্রেইল
train,ট্রেন, রেলগাড়ি, প্রশিক্ষণ দেওয়া
traitor,দেশদ্রোহী, বিশ্বাসঘাতক
trample,পায়ে দলানো, অবজ্ঞা করা
tranquil,শান্ত, শান্তিময়
transfer,স্থানান্তর করা, বদলি করা, হস্তান্তর
transient,ক্ষণস্থায়ী, অস্থায়ী
translate,অনুবাদ করা, ভাষান্তর করা
transmission,প্রেরণ, সম্প্রচার, গিয়ার বক্স
transmit,প্রেরণ করা, সংক্রামিত করা, ছড়ানো
trap,ফাঁদ, ফাঁদে ফেলা
trash,আবর্জনা, নোংরা জিনিস, বাতিল করা
travel,ভ্রমণ করা, যাত্রা করা
tray,ট্রে, থালা
tread,পা ফেলা, পদক্ষেপ, মাড়ানো
treason,দেশদ্রোহিতা, রাজদ্রোহ
treasure,সম্পদ, গুপ্তধন, মূল্যবান জ্ঞান করা
treat,আচরণ করা, চিকিৎসা করা, ভোজ, আপ্যায়ন
treatment,চিকিৎসা, আচরণ
treaty,চুক্তি, সন্ধিপত্র
tree,গাছ, বৃক্ষ
tremble,কাঁপা, কম্পন, শিউরে ওঠা
trench,পরিখা, গর্ত করা
trial,পরীক্ষা, বিচার, ট্রায়াল
tribe,উপজাতি, দল
tribute,শ্রদ্ধাঞ্জলি, কর, প্রশংসা
trick,কৌশল, প্রতারণা করা, চাতুরি
trifle,সামান্য বিষয়, অবহেলা করা
trim,ছাঁটা, পরিপাটি, সজ্জিত করা
trip,ভ্রমণ, হোঁচট খাওয়া, ট্রিপ
triumph,বিজয়, আনন্দ প্রকাশ করা
troop,সৈন্যদল, বাহিনী, দলবদ্ধ হয়ে চলা
trouble,সমস্যা, কষ্ট, উদ্বেগ সৃষ্টি করা
trowel,করনিক, খন্তি
truce,যুদ্ধবিরতি, সাময়িক চুক্তি
truck,ট্রাক, লরি, ট্রাকে বহন করা
true,সত্য, বিশ্বস্ত, সঠিক
trumpet,তুর্য, ভেঁপু, প্রচার করা
trunk,কাণ্ড, হাতির শুঁড়, ট্রাঙ্ক, ধড়
trust,বিশ্বাস করা, আস্থা রাখা, ট্রাস্ট
truth,সত্য, বাস্তবতা
try,চেষ্টা করা, পরীক্ষা করা
tub,টব, গামলা
tube,নল, টিউব
tuck,গুঁজে দেওয়া, ভাঁজ
tug,টানা, সজোরে টানা
tuition,টিউশনি, শিক্ষাদান
tumble,হোঁচট খেয়ে পড়া, গড়ানো
tumor,টিউমার, ফোলা অংশ
tune,সুর, সুর দেওয়া, সঙ্গতিপূর্ণ করা
tunnel,সুড়ঙ্গ, সুড়ঙ্গ তৈরি করা
turbulent,উত্তাল, অশান্ত
turf,তৃণাচ্ছাদিত ভূমি, ঘাস
turkey,টার্কি পাখি, তুরস্ক দেশ
turn,ঘোরানো, পরিবর্তন করা, মোড়, পালা
turnip,শালগম, ওলকপি
tutor,গৃহশিক্ষক, শিক্ষাদান করা
twig,ছোট ডাল, কঞ্চি, বুঝতে পারা
twilight,গোধূলি, অস্পষ্ট আলো
twin,যমজ, জোড়া
twine,রশি, পাকানো, বেষ্টন করা
twinkle,মিটমিট করা, পলক
twist,পাকানো, মোচড় দেওয়া, মোচড়
two,দুই, ২ সংখ্যা
type,প্রকার, ধরণ, টাইপ করা, প্রতীক
typhoon,টাইফুন, প্রবল সামুদ্রিক ঝড়
typical,চিরাচরিত, সাধারণ, প্রতীকী
tyrant,অত্যাচারী শাসক, স্বৈরাচারী
ugly,কুৎসিত, অপছন্দনীয়
ultimate,চূড়ান্ত, শেষ, মৌলিক
umbrella,ছাতা, ছত্র
umpire,আম্পায়ার, সালিশকারী, পরিচালনা করা
unable,অক্ষম, অসমর্থ
unanimous,সর্বসম্মত, একমত
uncle,চাচা, মামা, খালু, ফুফু
unclean,অপরিষ্কার, নোংরা, অপবিত্র
unconscious,অচেতন, বেহুঁশ
under,অধীন, নিচে, কম
undergo,অভিজ্ঞতা লাভ করা, ভোগ করা
understand,বুঝতে পারা, উপলব্ধি করা
undertake,দায়িত্ব নেওয়া, আরম্ভ করা
uneasy,অস্বস্তিকর, চিন্তিত
unequal,অসমান, পক্ষপাতদুষ্ট
unfair,অন্যায্য, পক্ষপাতমূলক
unfortunate,দুর্ভাগ্যবান, দুঃখজনক
unhappy,অসুখী, দুঃখী
uniform,একরূপ, অভিন্ন, নির্দিষ্ট পোশাক
union,ইউনিয়ন, মিলন, সংযোগ
unique,অনন্য, অতুলনীয়
unite,একত্রিত করা, যুক্ত হওয়া
universal,সর্বজনীন, বিশ্বজনীন
universe,মহাবিশ্ব, জগৎ
university,বিশ্ববিদ্যালয়, উচ্চ শিক্ষালয়
unjust,অন্যায্য, পক্ষপাতদুষ্ট
unknown,অজানা, অপরিচিত
unless,যদি না, ব্যতীত
unlike,ভিন্ন, অসদৃশ
unlikely,অসম্ভব, অসম্ভাব্য
unusual,অস্বাভাবিক, বিরল
up,ওপরে, উন্নত, জাগ্রত
upon,ওপরে, উপর
upper,উচ্চতর, উপরের অংশ
upright,খাড়া, সৎ, ন্যায়পরায়ণ
uproar,শোরগোল, গোলমাল
upset,হতাশ, উল্টে দেওয়া, বিরক্ত করা
urban,শহুরে, নগর সংক্রান্ত
urge,অনুরোধ করা, প্রেরণা দেওয়া, তাগিদ
urgent,জরুরী, অতি প্রয়োজনীয়
us,আমাদিগকে, আমাদের
use,ব্যবহার করা, ব্যবহার, উপযোগিতা
useful,দরকারী, কাজের, উপকারী
useless,অকেজো, নিষ্ফল
usual,সাধারণত, চিরাচরিত, সাধারণ
utility,উপযোগিতা, জনসেবা
utter,উচ্চারণ করা, সম্পূর্ণ, পরম
vacant,খালি, শূন্য, অলস
vacation,ছুটি, অবকাশ
vague,অস্পষ্ট, অনির্দিষ্ট
vain,ব্যর্থ, অহংকারী
valiant,সাহসী, বীরত্বপূর্ণ
valid,বৈধ, সঠিক, গ্রহণযোগ্য
valley,উপত্যকা, সমতল ভূমি
valor,বীরত্ব, সাহস
valuable,মূল্যবান, দামী
value,মূল্য, মূল্য দেওয়া, গুরুত্ব
vanish,অদৃশ্য হওয়া, বিলীন হওয়া
vanity,অহংকার, ব্যর্থতা, প্রসাধন টেবিল
vapor,বাষ্প, কুয়াশা, বাষ্প হওয়া
variable,পরিবর্তনশীল, চলক
variety,বৈচিত্র্য, বিভিন্ন প্রকার
various,বিভিন্ন, নানাবিধ
vary,পরিবর্তন করা, ভিন্ন হওয়া
vast,বিশাল, প্রকাণ্ড
vegetable,সবজি, তরকারি
vehicle,যানবাহন, মাধ্যম
veil,ঘোমটা, আড়াল করা, পর্দা
vein,শিরা, ধরণ, মেজাজ
velocity,বেগ, গতিবেগ
velvet,মখমল, মখমলের মত নরম
venerable,শ্রদ্ধেয়, পূজনীয়
vengeance,প্রতিশোধ, প্রতিহিংসা
venture,ঝুঁকিপূর্ণ উদ্যোগ, সাহস করা
verb,ক্রিয়া, ক্রিয়াপদ
verge,প্রান্ত, সীমানা, ঝুঁকে পড়া
verify,যাচাই করা, সত্যতা প্রমাণ করা
verse,কবিতা, শ্লোক, পদ্য
version,সংস্করণ, বিবরণ, রূপান্তর
very,খুব, অত্যন্ত, প্রকৃত
vessel,পাত্র, জাহাজ, রক্তনালী
vest,ভেস্ট, কটিদেশীয় অন্তর্বাস, অর্পণ করা
veteran,অভিজ্ঞ ব্যক্তি, প্রবীণ সৈনিক
vex,বিরক্ত করা, উত্যক্ত করা
vibrate,স্পন্দিত করা, কাঁপা
vice,পাপ, অন্যায়, স্ক্রু আঁটার যন্ত্র
vicinity,নিকটবর্তী এলাকা, সান্নিধ্য
victim,বলি, শিকার, ক্ষতিগ্রস্ত ব্যক্তি
victor,বিজয়ী, জয়ী ব্যক্তি
victory,বিজয়, জয়
view,দৃশ্য, মতামত, দেখা, বিবেচনা করা
vigor,শক্তি, তেজ, উদ্যম
vile,নিচ, জঘন্য
village,গ্রাম, পল্লী
villain,খলনায়ক, দুর্বৃত্ত
vine,লতা, আঙ্গুর লতা
violence,হিংসা, প্রচণ্ডতা
violent,হিংস্র, প্রচণ্ড
violet,বেগুনী ফুল, বেগুনী রঙ
violin,বেহালা, বাদ্যযন্ত্র
virgin,কুমারী, খাঁটি, অনস্পৃষ্ট
virtue,গুণ, নৈতিকতা, পুণ্য
visible,দৃশ্যমান, স্পষ্ট
vision,দৃষ্টিশক্তি, স্বপ্ন, দিব্যদৃষ্টি
visit,পরিদর্শন করা, দেখা করতে যাওয়া, সফর
visitor,পরিদর্শক, অতিথি
vital,অপরিহার্য, প্রাণবন্ত
vivid,উজ্জ্বল, প্রাণবন্ত
vocabulary,শব্দভান্ডার, শব্দাবলী
vocal,কণ্ঠ্য, সোচ্চার, স্বর সংক্রান্ত
voice,কণ্ঠস্বর, প্রকাশ করা, মতামত
void,শূন্য, বাতিল করা, শূন্যস্থান
volcano,আগ্নেয়গিরি, অগ্নিগিরি
volume,আয়তন, খণ্ড, আওয়াজের মাত্রা
voluntary,স্বেচ্ছামূলক, স্বতঃস্ফূর্ত
volunteer,স্বেচ্ছাসেবক, স্বেচ্ছায় কাজ করা
vote,ভোট দেওয়া, রায়, মতামত
vow,শপথ করা, মানত করা, অঙ্গীকার
voyage,জলযাত্রা, সমুদ্রভ্রমণ করা
vulgar,অশালীন, গ্রাম্য, সাধারণ
wade,কষ্টে চলা, জল ভেঙে চলা
wag,নাড়ানো, লেজ নাড়ানো, রসিক ব্যক্তি
wage,মজুরি, যুদ্ধ পরিচালনা করা
wagon,ওয়াগন, মালগাড়ি, চার চাকার গাড়ি
wail,বিলাপ করা, রোদন
waist,কোমর, মধ্যভাগ
wait,অপেক্ষা করা, প্রতীক্ষা, সেবা করা
waiter,পরিবেশক, ওয়েটার
wake,জাগ্রত করা, জাগা, জাহাজের পেছনের স্রোত
walk,হাঁটা, ভ্রমণ, হাঁটার পথ
wall,দেয়াল, প্রাচীর, বেষ্টন করা
wander,ঘুরে বেড়ানো, লক্ষ্যভ্রষ্ট হওয়া
want,চাওয়া, অভাব, প্রয়োজন
war,যুদ্ধ, লড়াই করা
ward,ওয়ার্ড, বিভাগ, অভিভাবকত্বে থাকা ব্যক্তি, পাহারা দেওয়া
warm,উষ্ণ, আন্তরিক, গরম করা
warmth,উষ্ণতা, আন্তরিকতা
warn,সতর্ক করা, সাবধান করা
warrior,যোদ্ধা, বীর
wash,ধোয়া, ধৌত করা, ধোলাই
waste,অপচয় করা, বর্জ্য, নষ্ট করা
watch,ঘড়ি, পাহারা দেওয়া, লক্ষ্য করা
water,পানি, জল দেওয়া
wave,ঢেউ, হাত নাড়ানো, তরঙ্গ, দোলা দেওয়া
wax,মোম, বৃদ্ধি পাওয়া, মোম মাখানো
way,পথ, পদ্ধতি, অভিমুখ
we,আমরা, আমরা সকলে
weak,দুর্বল, ভঙ্গুর
wealth,সম্পদ, ধনসম্পদ
weapon,অস্ত্র, হাতিয়ার
wear,পরিধান করা, ক্ষয় হওয়া, পোশাক
weary,ক্লান্ত, বিরক্তিকর, ক্লান্ত করা
weather,আবহাওয়া, অতিক্রম করা, টিকিয়া থাকা
weave,বোনা, তৈরি করা, বুনন
web,মাকড়সার জাল, জাল, তন্তু
wedding,বিয়ে, বিবাহ অনুষ্ঠান
wedge,গোঁজ, কিলক দিয়ে আটকানো
weed,আগাছা, আগাছা পরিষ্কার করা
week,সপ্তাহ, ৭ দিন সময়
weep,কাঁদা, রোদন করা
weigh,ওজন করা, বিবেচনা করা
weight,ওজন, ভার, গুরুত্ব দেওয়া
welcome,স্বাগত জানানো, স্বাগত, অভ্যর্থনা
welfare,কল্যাণ, মঙ্গল
well,ভালো, কূয়া, সুস্থ, ভালোভাবে
west,পশ্চিম, পশ্চিম দিক
wet,ভেজা, স্যাঁতসেঁতে করা
whale,তিমি মাছ, বিশাল আকার
what,কি, যাহা, যা
wheat,গম, গম গাছ
wheel,চাকা, ঘোরানো, চাকার ওপর চলা
when,যখন, কখন
where,যেখানে, কোথায়
whether,কিনা, অথবা
which,কোনটি, যাহা, যা
while,যখন, সময়কাল, যদিও
whip,চাবুক, চাবুক মারা, দ্রুত চলা
whisper,ফিসফিস করা, কানাকানি
whistle,বাঁশি, বাঁশি বাজানো, শিস
white,সাদা, শ্বেতবর্ণ
who,কে, যে, যিনি
whole,সম্পূর্ণ, অক্ষত
whom,কাকে, যাকে
whose,কার, যার
why,কেন, যে কারণে
wicked,দুষ্ট, পাপিষ্ঠ
wide,প্রশস্ত, চওড়া, ব্যাপকভাবে
widow,বিধবা, স্বামীহীনা নারী
width,প্রস্থ, চওড়া অংশ
wife,স্ত্রী, পত্নী
wild,বন্য, হিংস্র, অনিয়ন্ত্রিত
wilderness,মরুভূমি, নির্জন স্থান
will,ইচ্ছা, উইল, ইচ্ছা প্রকাশ করা
willing,ইচ্ছুক, স্বতঃস্ফূর্ত
win,জয় করা, জয়লাভ করা
wind,বাতাস, পাকানো, ঘোরানো
window,জানালা, বাতায়ন
wine,মদ, আঙ্গুর রস
wing,ডানা, পাখা, উড়ে যাওয়া
wink,চোখ টেপা, পলক
winter,শীতকাল, ঠাণ্ডা সময়
wipe,মুছে ফেলা, মোছা
wire,তার, তার দিয়ে বাঁধা, টেলিগ্রাম করা
wisdom,প্রজ্ঞা, জ্ঞান
wise,জ্ঞানী, বিচক্ষণ, ধরণ
wish,ইচ্ছা করা, আকাঙ্ক্ষা
wit,বুদ্ধি, রসিকতা
witch,ডাইনি, জাদুকরী
with,সাথে, দ্বারা, দিয়ে
withdraw,প্রত্যাহার করা, তুলে নেওয়া
wither,ম্লান হওয়া, শুকিয়ে যাওয়া
within,ভেতরে, মধ্যে
without,ব্যতীত, ছাড়া, বাইরে
witness,সাক্ষী, সাক্ষ্য দেওয়া, প্রত্যক্ষ করা
witty,রসিক, বুদ্ধিমান
woe,দুঃখ, শোক, দুর্দশা
wolf,নেকড়ে বাঘ, লোভী লোক
woman,নারী, ভদ্রমহিলা
wonder,আশ্চর্য হওয়া, বিস্ময়
wood,কাঠ, বন, জঙ্গল
wool,পশম, উল
word,শব্দ, প্রতিশ্রুতি, কথা বলা
work,কাজ, চাকরি, পরিশ্রম করা, চালানো
world,পৃথিবী, জগৎ
worm,পোকা, কীট
worry,উদ্বেগ, চিন্তিত হওয়া, বিরক্ত করা
worse,আরও খারাপ, নিকৃষ্টতর
worship,উপাসনা করা, পূজা করা, ভক্তি
worst,সবচেয়ে খারাপ, নিকৃষ্টতম
worth,মূল্য, যোগ্য, সম্পদ
worthy,যোগ্য, উপযুক্ত ব্যক্তি
wound,ক্ষত, আঘাত করা, আহত
wrap,জড়ানো, মোড়ক, গুটিয়ে ফেলা
wrath,ক্রোধ, রাগ
wreck,ধ্বংসাবশেষ, ধ্বংস করা
wrestle,কুস্তি করা, সংগ্রাম করা
wretched,দুঃখী, হতভাগ্য, জঘন্য
wrinkle,কুঁচকানো, ভাঁজ, কুঁচকে যাওয়া
wrist,কব্জি, হাতের কব্জি
write,লেখা, রচনা করা, চিঠি লেখা
writer,লেখক, গ্রন্থকার
writing,লিখনী, হস্তাক্ষর, রচনা
wrong,ভুল, অন্যায়, ক্ষতি করা
yard,গজ, উঠান, পরিমাপ করা
yarn,সুতা, গল্প, সুতো তৈরি করা
yawn,হাই তোলা, হাই
year,বছর, বছরকাল, ৩৬৫ দিন
yearn,আকাঙ্ক্ষা করা, ব্যাকুল হওয়া
yeast,খামির, গাঁজানো
yell,চিৎকার করা, চিৎকার
yellow,হলুদ রঙ, ভীরু
yes,হ্যাঁ, সম্মতি
yesterday,গতকাল, গত দিন
yet,এখনও, তবুও, এ পর্যন্ত
yield,উৎপাদন করা, বশ্যতা স্বীকার করা, ফসল
yoke,জোয়াল, জোয়াল দিয়ে বাঁধা, দাসত্ব
yolk,কুসুম, ডিমের কুসুম
yon,ঐ দূরবর্তী, ওইখানে
yonder,ঐ স্থানে, ওদিকে
you,তুমি, আপনারা, আপনাকে
young,তরুণ, যুবক, অনভিজ্ঞ
your,তোমার, আপনাদের
youth,যৌবন, যুবক দল, তারুণ্য
zeal,উদ্যম, প্রবল আগ্রহ
zealous,উদ্যমী, অতি আগ্রহী
zebra,জেব্রা, জেব্রা ডোরাকাটা
zenith,চূড়া, সুবিন্দু
zero,শূন্য, ০ সংখ্যা
zest,উত্সাহ, স্বাদ, খোসা
zigzag,আঁকাবাঁকা, আঁকাবাঁকা পথ
zinc,দস্তা, জিংক
zone,অঞ্চল, এলাকা, বলয়ভুক্ত করা
zoo,চিড়িয়াখানা, পশুপাল
zoology,প্রাণীবিজ্ঞান, প্রাণীতত্ত্ব
